source_id;block;type;organization_authors;year;title;coverage;N;method;fieldwork;url;doi;access;license;peer_review;retrieved;overlap_phase1;tier;survey_mode;extraction;no_data_reason;notes
N001;A;poll_national;Pew Research Center;2025;On average, Americans want to live until they're 91;USA;8750;American Trends Panel, online;2025-09-02..08;https://www.pewresearch.org/short-reads/2025/11/12/on-average-americans-want-to-live-until-theyre-91/;;full;;official;;no;T1;online;partial;;Обновление линии Pew 2013 — свежее фазы 1
N002;A;poll_multicountry;Ipsos Global Advisor;2023-2025;Views on Aging;30-32 страны;20788;онлайн, 16-64;n/a;https://www.ipsos.com/en/ipsos-global-advisor-views-aging;;full;;official;;no;T1;online;partial;;Возраст начала старости 66 — 57% не ждут старость
N003;A;poll_national;YouGov Omnibus;2018;Americans on living forever (в статье о похоронах);USA;n/a;онлайн-омнибус;2019-01;https://yougov.com/en-us/articles/22337-americans-funerals-death-burial-cremation-finance;;partial;;official;;no;T1;online;full;;Трихотомия вечно/дольше/норма 19-42-23 — N не указан. Полнота разбора: внесены все доли раздела о посмертных предпочтениях
N004;A;poll_national;CBS News / YouGov;2021;Lifestyle main factor in determining longevity;USA;1650;онлайн, репрезент.;2021-11-12..16;https://www.cbsnews.com/news/americans-aging-opinion-poll/;;full;;official;;no;T1;online;full;;33% жить вечно — долголетие = образ жизни. Полнота разбора: внесены все опубликованные доли: факторы долголетия, пороги старости и желание жить вечно по возрасту
N005;A;poll_national;Corebridge Financial / Greenwald Research;2025;Half of Americans Both Want to Live to 100;USA;4400;онлайн, доход >=35k;2025-09;https://investors.corebridgefinancial.com/news/news-details/2025/Half-of-Americans-Both-Want-to-Live-to-100-and-Believe-They-Could-Live-to-100/default.aspx;;full;;official;;no;T2;online;full;;49% хотят до 100 — 62% боятся безденежья больше смерти. Полнота разбора: внесены все опубликованные доли: ожидания дожития, мотивы оптимизма, ожидаемые выгоды столетия, сопоставление страхов и пенсионные ожидания
N006;A;poll_national;Stanford Center on Longevity / TIME / Hart Research;2016;Survey: Most Americans Want to Live to 100;USA;2330;телефон/онлайн;2016-02;https://longevity.stanford.edu/2112016-most-americans-want-to-live-to-100-survey;;full;;official;;no;T1;online;full;;77% хотят до 100 - верхняя граница диапазона в корпусе. Полнота разбора: желание дожить до ста, собственные усилия, ожидания о продолжительности жизни, финансовая готовность и разрыв между признанием важности привычек и их соблюдением внесены
N007;A;poll_national;Medtronic / Morning Consult;2024;Americans favor quality over quantity in pursuit of longevity;USA;2200;онлайн;2024-04;https://news.medtronic.com/2024-04-17-Americans-favor-quality-over-quantity-in-pursuit-of-longevity;;full;;official;;no;T2;online;full;;66% предпочли бы короткую здоровую жизнь. Полнота разбора: внесены все опубликованные доли опроса
N008;A;poll_multicountry;Pew Research Center;2014;Attitudes about Aging: A Global Perspective;21 страна;22425;личные+телефон;2013-03-03..04-21;https://www.pewresearch.org/global/2014/01/30/attitudes-about-aging-a-global-perspective/;;full;;official;;no;T1;;full;;Старение как проблема: Япония 87% - США 25%. Полнота разбора: внесены итог опроса об ответственности за пожилых и весь демографический прогноз обзора
N009;A;poll_multicountry;Chen ZJ, Cowden RG, Moreira-Almeida A et al.;2025;Sociodemographic variations of belief in life after death across 22 countries;22 страны;202898;Global Flourishing Study wave 1 — мета-анализ;2022-2023;https://pmc.ncbi.nlm.nih.gov/articles/PMC12043894/;10.1038/s41598-024-83541-x;full;;peer_reviewed;;no;T1;review;partial;;Sci Rep 15:14310 — doi:10.1038/s41598-024-83541-x — КРУПНЕЙШИЙ N в корпусе. Жанр исправлен 15.08.2026 с academic_survey на poll_multicountry: работа охватывает 22 страны, а не одну. Из-за прежней пометки двенадцать стран ошибочно числились имеющими собственное национальное исследование
N010;A;academic_survey;Brouwers SJ, Janssens GE, Spiegel T;2024;Attitudes towards geroprotection: measuring willingness;Нидерланды;178;анкета, convenience+snowball;2024;https://public-pages-files-2025.frontiersin.org/journals/aging/articles/10.3389/fragi.2024.1440661/text;10.3389/fragi.2024.1440661;full;;peer_reviewed;;no;T2;;partial;;Frontiers in Aging 5:1440661 — градиент ЗОЖ->фарма. В поле DOI прежде стоял хвост адреса «/text»
N011;A;review;Aparicio A (Univ. of Texas Medical Branch at Galveston);2025;Public alignment with longevity biotechnology: analysis of framing in surveys;обзор;n/a;нарративный анализ;n/a;https://link.springer.com/article/10.1007/s10522-024-10157-z;10.1007/s10522-024-10157-z;full;;peer_reviewed;;no;T1;review;none;reference;Biogerontology 2025, 26(1):13 — PMID 39585500 — 54 ссылки — closed access подтверждён OpenAlex — ПРЯМОЙ КОНКУРЕНТ по RQ7
N012;A;poll_multicountry;European Commission (Eurobarometer);2012;Special Eurobarometer 378 Active Ageing;ЕС-27 + 5;31280;личные интервью;2011-09..11;https://data.europa.eu/data/datasets/s1002_76_2_ebs378;;full;;official;;partial;T2;f2f;full;;Фаза 1 имела только EB о науке/технологиях. Полнота разбора: внесены обе опубликованные доли и объём выборки
N013;A;academic_survey;Tobe RG, Izumida N;2021;Gender disparity in the individual attitude toward longevity (Japan);Япония;19800;National Survey on Social Security and People's Life;2017-07;https://journals.plos.org/plosone/article?id=10.1371/journal.pone.0254779;10.1371/journal.pone.0254779;full;;peer_reviewed;;no;T1;;full;;"PLoS ONE 16(8):e0254779 — 68.8% ""долго жить хорошо"" - ОПРОВЕРГАЕТ вывод фазы 1 о Японии. Полнота разбора: внесены оценка по полу с доверительными интервалами, состав выборки и демографический контекст Японии"
N014;A;academic_survey;Yasumoto S, Nakagawa T, Kawasaki Y, Masui Y, Gondo Y;2026;Japanese older people are not willing to live long;Япония;451;логистич. регрессия + контент-анализ;n/a;https://ijal.se/article/view/5904;10.3384/ijal.1652-8670.5904;full;;peer_reviewed;;no;T1;;partial;;"Int J Ageing Later Life — doi:10.3384/ijal.1652-8670.5904 — механизм ""бремя для семьи"""
N015;A;poll_multicountry;Oxford Longevity Project / Roundglass;2024;Global Longevity Survey 2024;25 стран;14000;онлайн, квоты пол/возраст;2024-04..05;https://globallongevitystudy.com/;;partial;;official;;YES(#01);T1;online;full;;Уточнены метод, поле и полный список 25 стран (не было в фазе 1). ДУБЛЬ N015: тот же отчёт Global Longevity Survey 2024. Тир приведён к T1, как у N015 — отчёт получен целиком. ПРЯМОЙ вопрос о бессмертии по 25 рынкам. Заказчик Roundglass коммерчески заинтересован. Возможен дубль с Oxford 2024 в базе — сверить. слит с N130 (Oxford Longevity Project + Roundglass). Полнота разбора: отчёт Global Longevity Survey разобран целиком, 118 величин
N016;A;poll_multicountry;Manulife (Asia Care Survey);2024-2025;Longevity in Asia defined by quality of life;Азия, неск. рынков;n/a;онлайн;n/a;https://www.hubbis.com/news/manulife-survey-reveals-longevity-in-asia-increasingly-defined-by-quality-of-life-and-living-independently-over-living-longer;;blocked;;official;;no;T3;online;none;blocked;403 — данные только из аннотации
N017;A;academic_survey;неуст. (PMC9358064);2022;Willingness to Pay for One Additional QALY: China;Китай;n/a;популяционный опрос WTP;n/a;https://pmc.ncbi.nlm.nih.gov/articles/PMC9358064/;;partial;;peer_reviewed;;no;T2;;full;;WTP за продление жизни в 2.25 раза выше, чем за качество. Полнота разбора: внесены все три оценки готовности платить и их отношение к валовому продукту на человека
N018;A;academic_survey;неуст. (PMC9575263);2022;Attitudes toward life-sustaining treatment among elderly in South Korea;Ю. Корея;n/a;кросс-секционное;n/a;https://www.ncbi.nlm.nih.gov/pmc/articles/PMC9575263/;;partial;;peer_reviewed;;no;T2;;full;;86.4% против жизнеподдерживающего лечения. Полнота разбора: внесены состав выборки, обе оценки связи с удовлетворённостью жизнью и демографический контекст
N019;A;academic_article;Deaton A (Gallup World Poll);2008;Income, aging, health and wellbeing around the world;глобально;n/a;Gallup World Poll;2006+;https://www.nber.org/papers/w13317;;full;;peer_reviewed;;no;T2;;partial;;NBER WP 13317 — субъективное здоровье не связано с объективным межстраново. Полнота разбора: внесён единственный числовой коэффициент, остальные результаты работы качественные
N020;B;poll_national;ВЦИОМ (Аналитический центр);2026;Поколение anti-age;Россия;1600;телефон, стратифиц. случайная;2026-06-20;https://wciom.ru/analytical-reviews/analiticheskii-obzor/pokolenie-anti-age;;full;;official;;no;T1;;full;;САМЫЙ СВЕЖИЙ — динамика 2017/2023/2026 — вера в решение старения 36->46%. Полнота разбора: пересчитано из микроданных, все закрытые вопросы
N021;B;poll_national;ВЦИОМ;2023;Жить долго, жить хорошо!;Россия;1600;телефон;2023-06-10;https://wciom.ru/analytical-reviews/analiticheskii-obzor/zhit-dolgo-zhit-khorosho;;full;;official;;partial;T1;;full;;Идеальная ПЖ 85 лет — ожидаемая 79. Полнота разбора: возраст начала старости с разбивкой и рядом с 2017 года, ожидаемая и идеальная продолжительность жизни по полу, отношение к пожилым и список их проблем внесены
N022;B;poll_national;ВЦИОМ;2020;Продолжительность жизни в России: желания и реальность;Россия;1600;телефон;2020-11-26;https://wciom.ru/analytical-reviews/analiticheskii-obzor/prodolzhitelnost-zhizni-v-rossii-zhelanija-i-realnost;;full;;official;;no;T1;;full;;Базовая точка для динамики идеальной ПЖ. Полнота разбора: возраст начала старости по полу, крайние названные значения продолжительности жизни, полный список проблем пожилых и отношение к ним внесены
N023;B;poll_national;ВЦИОМ;2024;Здоровый образ жизни: мониторинг;Россия;1600;телефон;2024-04-29;https://wciom.ru/analytical-reviews/analiticheskii-obzor/zdorovyi-obraz-zhizni-monitoring;;full;;official;;no;T1;;full;;Динамика самооценки здоровья 2012-2024 — открытый вопрос о смысле ЗОЖ. Полнота разбора: сводная декларация приверженности ЗОЖ и её ряд, полная самооценка здоровья с разбивкой по полу, поколениям и достатку внесены
N024;B;poll_national;ВЦИОМ;2018;ЗОЖ: доли групп населения;Россия;1200;телефон;2018-11-21..24;https://ria.ru/20181204/1542818267.html;;secondary;;official;;no;T2;;full;;37% ведут ЗОЖ / 23% вредные привычки. Полнота разбора: внесены все три кластера и все пять маркеров здорового образа жизни
N025;B;poll_national;Левада-Центр;2024;Боитесь ли вы смерти?;Россия;n/a;личные интервью;2024-07;https://www.levada.ru/2024/10/16/boites-li-vy-smerti/;;full;;official;;no;T1;f2f;full;;Соц. градиент страха смерти — подтверждает 62%/18% 2017. Полнота разбора: публикация разобрана целиком
N026;B;poll_national;Левада-Центр;2020;Вера в сверхъестественное;Россия;1605;личные интервью на дому, 50 регионов;2020-09-25..30;https://www.levada.ru/2020/10/28/vera-v-sverhestestvennoe/;;full;;official;;no;T1;f2f;full;;48% верят в загробную жизнь - сопоставимо с N009. Полнота разбора: внесены оба ряда целиком — о жизни после смерти и о Царстве Небесном, все семь волн каждого и все пять вариантов ответа
N027;B;official_stat;Росстат;2019-2026;Приверженность населения ЗОЖ (выборочное наблюдение состояния здоровья);Россия;60000 домохозяйств, 15+;выборочное наблюдение, 5 критериев;ежегодно;https://rosstat.gov.ru/itog_inspect;;partial;;official;;no;T1;register;partial;;Критерии и гендерная разбивка ВЕРИФИЦИРОВАНЫ. 9.7% (2024) vs самооценка 53-88%
N028;B;official_stat;Росстат;2024-2025;Ожидаемая продолжительность жизни;Россия;перепись/текущий учёт;демостатистика;2024;https://rosstat.gov.ru/free_doc/new_site/population/demo/progn7.htm;;full;;official;;no;T1;register;full;;ОПЖ 72.84 — здоровая 61.7 — публикация по регионам приостановлена с 03.2025. Полнота разбора: все три варианта прогноза на опорные годы ряда 2012-2030 внесены
N040;C;official_stat;UN DESA Population Division;2024;World Population Prospects 2024;мир;n/a;демографические проекции;2024;https://population.un.org/wpp/assets/Files/WPP2024_Summary-of-Results.pdf;;full;;official;;no;T1;register;full;;Столетние 722 тыс (2024) -> 4 млн (2054). Полнота разбора: внесён отрезок ряда по Японии вокруг порога в 85 лет: три наблюдённых года и два прогнозных
N041;C;academic_article;Garmany A, Terzic A;2024;Global Healthspan-Lifespan Gaps Among 183 WHO Member States;183 страны;n/a;ретроспект. кросс-секц., метод Салливана;2000-2019;https://pmc.ncbi.nlm.nih.gov/articles/PMC11635540/;;full;;peer_reviewed;;no;T1;;full;;JAMA Netw Open 7(12):e2450241 — США - мировой лидер по разрыву 12.4 года. Полнота разбора: опубликованные топ-5 и антитоп-5 внесены целиком
N042;C;official_stat;ВОЗ;2024;COVID-19 eliminated a decade of progress in global level of life expectancy;183 страны;n/a;оценки ВОЗ;2021;https://www.who.int/news/item/24-05-2024-covid-19-eliminated-a-decade-of-progress-in-global-level-of-life-expectancy;;full;;official;;no;T1;register;partial;;COVID стёр десятилетие прогресса. Сообщение ВОЗ от 24.05.2024 по оценкам Global Health Estimates за 2021 год — именно оттуда взяты три величины. Прежнее название «Global Health Estimates / HALE 2021» указывало на массив данных, а ссылка ведёт на сообщение о нём
N043;C;official_stat;Eurostat;2023-2026;Healthy life years + life expectancy statistics;ЕС-27;n/a;EU-SILC + демостатистика;2023-2024;https://ec.europa.eu/eurostat/statistics-explained/index.php?title=Healthy_life_years_statistics;;full;;official;;no;T1;register;partial;;Женщины живут дольше, но здоровых лет столько же
N044;C;official_stat;MHLW Japan / GRG / Росстат;2025;Столетние и суперстолетние;Япония, Россия, мир;n/a;административный учёт + валидация;2025;https://www.grg-supercentenarians.org/world-supercentenarian-rankings-list/;;full;;official;;no;T1;register;full;;Япония 99763 столетних — мир ~261 суперстолетний. Продолжительность жизни Японии перенесена отсюда на N303: в списке суперстолетних GRG её нет. Полнота разбора: весь список живущих суперстолетних с разбивкой по полу, возрасту и месту рождения внесён
N045;C;academic_article;Olshansky SJ et al. + альт. оценки;2024;Пределы продолжительности жизни;мир;n/a;демографический анализ;2024;https://www.nature.com/articles/s43587-024-00702-3;;full;;peer_reviewed;;YES(#41);T1;;full;;Плато ~87 лет — 15% женщин / 5% мужчин доживут до 100. Полнота разбора: внесены величины композитной таблицы дожития — то, что статья действительно считает пределом
N060;D;academic_article;WHO / Strain T et al.;2024;Trends in insufficient physical activity 2000-2022;163 страны;5700000;пулинг 507 популяционных опросов;2000-2022;https://www.thelancet.com/journals/langlo/article/PIIS2214-109X(24)00150-5/fulltext;;full;;peer_reviewed;;no;T1;;full;;Lancet Glob Health — 31.3% недостаточно активны, растёт. Полнота разбора: мировой ряд с интервалами, разбивка по полу, девяти регионам и четырём группам дохода, страновые крайние значения и оценка достижимости цели 2030 внесены
N061;D;poll_multicountry;McKinsey & Company;2025;The Future of Wellness trends survey 2025;UK, Китай, Германия, США;9000;онлайн-опрос потребителей;2025;https://www.mckinsey.com/industries/consumer-packaged-goods/our-insights/future-of-wellness-trends;;full;;official;;no;T2;online;full;;60% приоритизируют здоровое старение vs 13% достигают целей. Полнота разбора: оценки объёма рынка, доли считающих здоровье приоритетом по трём странам и признаки устойчивости категории внесены
N062;D;industry_stat;Global Wellness Institute;2025;Global Wellness Economy Monitor 2025;мир;n/a;оценка рынка;2024;https://globalwellnessinstitute.org/industry-research/2025-global-wellness-economy-monitor/;;full;;grey;;no;T2;;partial;;$6.8 трлн - в 3.8 раза больше фармы. Полнота разбора: внесены прогноз объёма и темп роста, полный отчёт платный
N063;D;poll_multicountry;Ipsos;2024-2025;Ipsos Health Service Report;31 / 30 стран;n/a;Global Advisor онлайн;2024, 2025;https://www.ipsos.com/sites/default/files/ct/news/documents/2024-09/Ipsos-Health-Service-Report-2024-Global-Charts.pdf;;full;;official;;no;T2;online;full;;Деменция всего 9% - парадокс на фоне страха немощи. Полнота разбора: внесены ключевые доли отчёта и ряды с 2018 года
N064;D;compilation;сводка Росстат + ВЦИОМ;2024;Показатели ЗОЖ-поведения России;Россия;n/a;сводка;2024;;;derived;;grey;;no;T2;register;none;covered_elsewhere;"Сопоставление с международным контуром — предупреждение о несравнимости методик. Единого адреса нет: сводка Росстата и ВЦИОМ, собрана составителем базы; адреса исходных публикаций — у источников N027 и N020"
N080;E;industry_stat;Alcor / Cryonics Institute / КриоРус / GRG;2025;Статистика крионики: члены и пациенты;мир;1995 членов;отчётность провайдеров;2025;https://cryonics.org/member-statistics/;;full;;grey;;no;T1;;partial;;~5100 членов / ~500-650 пациентов — отношение декларации к действию 600000:1. Пересекается с N080 по отчётности Cryonics Institute. ЛУЧШИЙ источник домена — единственный полный временной ряд 2006-2025. Ключевое: 1995 members против 336 оформленных договоров. слит с N152 (Cryonics Institute). Полнота разбора: видимая часть страновой таблицы и точка ряда за 2006 год внесены. Таблицы на странице подгружаются скриптом: в сохранённой копии доступны 10 из 28 стран и одна строка ряда роста членства из многих. Полные данные требуют выгрузки с живого сайта
N081;E;academic_survey;Iwasaki M.;2023;Digital Cloning of the Dead: Exploring the Optimal Default Rule;США;n/a;опрос с рандомизированной виньеткой;2023;https://doi.org/10.1515/ajle-2023-0125;10.1515/ajle-2023-0125;full;;peer_reviewed;;no;T1;;full;;ПЕРВОИСТОЧНИК НАЙДЕН. Asian J Law Econ. 58% vs 3%. Показатель 95% удалён как ошибочный. Полнота разбора: оба условия эксперимента с полными распределениями, величины эффекта по подгруппам, наблюдательная часть о собственном воскрешении и о ребёнке внесены
N082;E;poll_national;ВЦИОМ (Аналитический центр);2026;Атака клонов: клонирование и пересадка мозга в тело-клон;Россия;1600;телефон, стратифиц. случайная;2026-04-27;https://wciom.ru/analytical-reviews/analiticheskii-obzor/ataka-klonov;;full;;official;;no;T1;;full;;ПЕРВОИСТОЧНИК ВЕРИФИЦИРОВАН. ЛЕСТНИЦА ПРИЕМЛЕМОСТИ 80->51->30->15->12% + разбивки по поколениям и типу нп. Полнота разбора: пересчитано из микроданных, все закрытые вопросы
N083;E;industry_stat;The Business Research Company;2025-2026;Digital Immortality Global Market Report;мир, Россия;n/a;рыночные оценки;2025-2026;https://www.thebusinessresearchcompany.com/report/digital-immortality-global-market-report;;secondary;;grey;;no;T3;;partial;;$61 млрд цифровое бессмертие к 2030 — цифра $26 млрд по РФ требует верификации. Прогноз The Business Research Company: 60,99 млрд долларов к 2030 году при росте 14,2 % в год. Цифра 26 млрд по РФ остаётся неверифицированной и к использованию запрещена. Название приведено к заголовку отчёта: прежнее «Инвестиции и рынки longevity» описывало тему, а не адресуемый документ
N084;B;poll_national;ВЦИОМ;2009;Изобретения XXI века: чего ждут от науки наши современники;Россия;1600;личный опрос, 140 нп, 42 региона;2009-06-20..21;https://wciom.ru/analytical-reviews/analiticheskii-obzor/izobreteniya-xxi-veka-chego-zhdut-ot-nauki-nashi-sovremenniki-;;full;;official;;no;T1;;full;;РЕПЕРНАЯ ТОЧКА 2009: бессмертия от науки ждали 6%, органов 33%. Полнота разбора: полные списки главных открытий XX века и ожиданий от XXI, разбивка по полу и образованию внесены
N100;C;academic_article;Oeppen J, Vaupel JW;2002;Broken Limits to Life Expectancy;мир (рекорд среди стран);n/a;анализ рядов ОПЖ с 1840;1840-2000;https://www.science.org/doi/10.1126/science.1069675;10.1126/science.1069675;full;;peer_reviewed;;no;T1;;full;;Science 296(5570):1029-31 — рекорд растёт линейно 2.5 года/десятилетие — пределы пробивались через 5 лет. Полнота разбора: наклон и качество линейного тренда, крайние точки ряда, пробитые потолки, прогнозные расхождения и разрыв между странами внесены
N101;C;compilation;Dublin — Bourgeois-Pichat — Fries — Olshansky;1928-2024;Каталог объявленных пределов продолжительности жизни;мир;n/a;сводка публикаций;1928-2024;;;derived;;grey;;partial;T1;review;none;covered_elsewhere;Дублин 1928 = 64.8 — Фрайс 1980 = 85 — Ольшанский 1990 = 85 и 2024 = 87. Сводка разнесена по настоящим источникам 13.08.2026: каждая величина стоит теперь при той публикации, которая её выпустила. Запись реестра сохранена как история происхождения. Единого адреса нет: каталог объявленных пределов, собран из работ Дублина 1928, Буржуа-Пиша, Фрайса 1980 и Ольшанского 1990 и 2024
N102;C;official_stat;Our World in Data / UN IGME;2024;Детская смертность в мире, исторические ряды;мир;n/a;демостатистика;до 1800 — 2023;https://ourworldindata.org/child-mortality;;full;;official;;no;T1;register;partial;;До 1800 более 33% — 1950 = 23% — 2023 = 3.6%
N103;C;official_stat;Office for National Statistics (UK) / OWID;2024;Ожидаемая продолжительность жизни в возрасте 65 лет;Англия и Уэльс, мир;n/a;таблицы дожития;1841-2023;https://www.ons.gov.uk/peoplepopulationandcommunity/birthsdeathsandmarriages/lifeexpectancies;;full;;official;;no;T1;register;partial;;КЛЮЧЕВОЕ: в 65 лет ОПЖ выросла в 1.6-1.8 раза — прирост не только от детской смертности
N104;C;compilation;OWID + ООН WPP + Росстат + MHLW + Statista;2024-2025;Продолжительность жизни за век по странам;мир, Россия, Япония;n/a;сводка;1900-2025;;;derived;;grey;;partial;T1;register;none;covered_elsewhere;Мир 32 -> 73.3 — Россия 43 -> 72.84 — Япония 44 -> 85.3. Сводка разнесена по настоящим источникам 13.08.2026: каждая величина стоит теперь при той публикации, которая её выпустила. Запись реестра сохранена как история происхождения. Единого адреса нет: сводка по нескольким источникам: Our World in Data, ООН WPP, Росстат, министерство здравоохранения Японии, Statista
N105;C;compilation;ООН + Olshansky + Сколтех + Fedichev + de Grey + Kurzweil;2024-2026;Спектр прогнозов продолжительности жизни;мир;n/a;сводка прогнозов;до 2100;;;derived;;grey;;partial;T2;register;partial;;Разброс от 87 до 190 лет — два несмешивающихся лагеря. Прогнозы де Грея и Курцвейла НЕ рецензируемые. Единого адреса нет: спектр прогнозов, сведён из работ ООН, Ольшанского, Сколтеха, Федичева, де Грея и Курцвейла
N106;C;historical_source;Франклин — Кондорсе — Мальтус;1780-1798;Исторические высказывания о продлении жизни;—;n/a;первоисточники;1780-1798;https://founders.archives.gov/documents/Franklin/01-31-02-0325;;full;;grey;;no;T2;review;none;reference;Франклин проверен по National Archives. Спор Кондорсе-Мальтус структурно идентичен спору Ваупеля-Ольшанского
N110;A;academic_survey;Kaiser S, Gross D, Lohmeier J, Rosentreter M, Raschke J;2014;Attitudes and acceptance toward the technology of cryonics in Germany;Германия;1000;репрезентативно взвешенный онлайн-опрос, 16-69;2013;https://pubmed.ncbi.nlm.nih.gov/24499638/;;full;;peer_reviewed;;no;T1;online;full;;"Int J Technol Assess Health Care 30(1):98-104 — 22% допускают криосохранение для себя — НОВАЯ СТУПЕНЬ ЛЕСТНИЦЫ. Значение 22 % подтверждено независимо: швейцарская работа N150 цитирует тот же опрос (n = 1000, 16-69 лет; 47 % осведомлены, 22 % открыты идее). Полнота разбора: осведомлённость и её источники, допустимость для себя с разбивкой по полу и образованию, отношение к технологиям и восемь утверждений о смерти внесены"
N111;A;poll_multicountry;Wellcome Trust / Gallup World Poll;2019;Wellcome Global Monitor 2018;140+ стран;140000;личные и телефонные интервью;2018;https://wellcome.org/reports/wellcome-global-monitor/2018;;full;;official;;no;T1;phone;partial;;КРУПНЕЙШАЯ ИНФРАСТРУКТУРА — доверие науке 72% — 57% считают, что ничего не знают о науке
N112;A;poll_multicountry;ISSP / GESIS;2011-2021;ISSP Health and Health Care I-II Cumulation;34 страны, 2 волны;n/a;национальные репрезентативные выборки;2011 и 2021;https://www.gesis.org/en/issp/data-and-documentation/health-and-health-care;;full;;official;;no;T1;;partial;;Архив ZA8794 — гармонизированный инструмент с двумя волнами — кандидат №1 для вторичного анализа. Полнота разбора: внесён охват инструмента, построчные значения модуля в findings не переносятся
N113;A;poll_multicountry;European Social Survey;2009;ESS Round 4 — модуль эйджизма;29 стран;55000;национальные репрезентативные выборки;2008-2009;https://www.europeansocialsurvey.org/;;full;;official;;no;T1;;partial;;Первое крупное сопоставимое исследование установок к возрасту и эйджизма. Полнота разбора: внесены охват и объём выборки модуля эйджизма
N114;A;academic_article;Lucke J, Partridge B, Hall W, Underwood M, Bartlett H, Settersten R;2005-2010;Австралийская серия исследований отношения к продлению жизни;Австралия;605 + 129 качеств.;опросы, интервью, фокус-группы;2005-2010;https://www.sciencedirect.com/science/article/abs/pii/S0890406510000757;;partial;;peer_reviewed;;partial;T1;;full;;Проблема формулировки поставлена ещё в 2009 (Settersten et al.) — за 15 лет до Aparicio. Полнота разбора: числовые результаты статьи внесены
N115;A;academic_survey;Swan M;2019;Worldwide Cryonics Attitudes About the Body, Cryopreservation, and Revival;мир (крионическое сообщество);316;онлайн-опрос сообщества;2018;https://link.springer.com/article/10.1007/s11841-019-0727-4;10.1007/s11841-019-0727-4;full;;peer_reviewed;;no;T3;online;full;;Sophia — портрет жёсткого ядра — почти 50% идентифицируют себя трансгуманистами. НЕ репрезентативно. Полнота разбора: внесены все доли из раздела Survey Highlights: мотивы, выбор вида крионирования, ожидания от оживления, отношение к обрядам и религии
N116;A;academic_survey;Allehaibi L et al.;2025;Public Awareness and Perceptions of Longevity Determinants in Saudi Arabia;Саудовская Аравия;395;онлайн-анкета, 44 вопроса;2024-11..2025-01;https://pmc.ncbi.nlm.nih.gov/articles/PMC12155436/;;full;;peer_reviewed;;no;T3;online;full;;Healthcare 13(11):1229 — 92% считают, что молитва и пост продлевают жизнь — религия ЗА долголетие. Выборка смещённая. ДУБЛЬ N116: тот же саудовский опрос. ВЫБОРКА УДОБНАЯ, не репрезентативная: 67,8% женщины, 51,4% в возрасте 18-25. Единственный источник по религиозному компоненту долголетия. слит с N136 (авторы не установлены (PMC)). Полнота разбора: внесены все опубликованные доли осведомлённости и состав выборки
N117;E;report;Aging Analytics Agency;2018-2025;Longevity Industry Landscape Overview (альманахи);мир, регионы;n/a;отраслевая аналитика;2018-2025;https://www.aginganalytics.com/;;partial;;official;;no;T3;;partial;;650-страничные тома, база компаний и инвесторов. Коммерческий продукт, методология не публична. Полнота разбора: внесён калифорнийский срез отраслевой карты — единственный, приведённый в числах
N118;A;reference;Cambridge / Routledge / The Gerontologist;2005-2023;Справочные издания по геронтологии и культуре старения;—;n/a;справочники и обзоры;2005-2023;;10.1093/geront/gnad006;partial;;grey;;no;T3;review;none;reference;Теоретическая рамка: культурная геронтология в дополнение к TMT и биоэтике. Сводка справочных изданий: единого адреса нет. Прежде здесь стоял DOI 10.1093/geront/gnad006 — это одна конкретная статья из The Gerontologist, а не весь свод, и ссылка вводила в заблуждение
N120;C;official_stat;WHO / UN Decade of Healthy Ageing;2021;Decade of Healthy Ageing: Baseline Report;42 страны;151718;объединение национально репрезентативных обследований, 60+;до 2020;https://www.who.int/publications/i/item/9789240017900;;partial;;official;;no;T1;register;partial;;Функциональная способность и внутренняя жизнеспособность — международно сопоставимые показатели по 42 странам. Полнота разбора: сводные показатели отчёта внесены. Страновые приложения не переносились
N121;A;poll_national;NORC / General Social Survey;1973-2024;GSS — переменная POSTLIFE, вера в жизнь после смерти;США;1500-4000 за волну;личное и онлайн, репрезентативная;1973-2024;https://gssdataexplorer.norc.org/variables/300/vshow;;microdata;;official;;no;T1;online;full;;САМЫЙ ДЛИННЫЙ РЯД КОРПУСА — 50+ лет. Вера ВЫРОСЛА с 76% до 83,2%. Полнота разбора: весь ряд 1973-2024 и разбивка по посещаемости служб внесены
N122;A;poll_multicountry;ISSP Research Group / GESIS;1991-2018;ISSP Religion I-IV Cumulation;38 стран;198873 суммарно;национальные репрезентативные выборки;1991, 1998, 2008, 2018;https://www.gesis.org/en/issp/data-and-documentation/religion/cumulation;;full;;official;;no;T1;;full;;4 волны — лучший гармонизированный ряд по вере в загробную жизнь. ZA8792 сверить. Пересекается с N122 по кумуляции ISSP Religion. Волны: 1991 — 18 стран и 24970 наблюдений, 1998 — 32 и 39034, 2008 — 46 и 66683, 2018 — 48 и 68186. НЕПРЕРЫВНЫЙ ряд 1991-2018 есть у 12 стран, включая Россию. слит с N252 (ISSP Research Group / GESIS). Полнота разбора: доля верящих в жизнь после смерти по всем странам последней доступной волны и сводный ряд по четырём волнам внесены
N123;A;poll_multicountry;European Values Study / GESIS;1981-2017;EVS Trend File 1981-2017;49 стран;224000;национальные репрезентативные выборки, 5 волн;1981-2021;https://europeanvaluesstudy.eu/methodology-data-documentation/evs-trend-file-1981-2017/;10.4232/1.14021;full;;official;;no;T1;;partial;;ZA7503 doi:10.4232/1.14021 — 40 лет европейской динамики. Полнота разбора: внесён охват сводного файла. Дословная формулировка вопроса о загробной жизни в проверяемом виде не найдена, поэтому сами доли отсюда не берутся
N124;A;poll_multicountry;World Values Survey Association;1981-2022;WVS Timeseries 1981-2022;90+ стран;n/a;национальные репрезентативные выборки, 7 волн;1981-2022;https://www.worldvaluessurvey.org/WVSDocumentationWVL.jsp;;microdata;;official;;no;T1;;full;;Вера в загробную жизнь от 98,8% Бангладеш до 11,5% Китай. Полнота разбора: вера в жизнь после смерти по всем странам последней доступной волны, вера в бога и важность религии рядом, сводный ряд по пяти волнам внесены
N125;A;poll_panel;HRS / SHARE / ELSA / CHARLS / MHAS / KLoSA / LASI / ELSI;1992-2024;Панели старения — субъективная вероятность дожития;США, Европа, Китай, Мексика, Корея, Индия, Бразилия;365694 через Gateway;лонгитюдные панели 50+;1992-2024;https://hrsdata.isr.umich.edu/data-products/public-survey-data;;full;;official;;no;T1;;partial;;Ближайшее к желаемой ПЖ — но измеряет ОЖИДАНИЕ. HRS: 30 лет одного вопроса. Полнота разбора: внесён охват панели HRS как опорной. Показатели субъективной вероятности дожития требуют расчёта по микроданным и в базу пока не внесены
N126;A;database;Gateway to Global Aging Data (USC / NIA);2024;Гармонизированные данные по старению 44 стран;44-46 стран;365694;гармонизация 16 исследований;1992-2024;https://g2aging.org/;;full;;official;;no;T1;register;full;infrastructure;Единый вход к субъективной ожидаемой ПЖ по 44 странам в одном файле. Полнота разбора: объём платформы внесён. Сами гармонизированные переменные требуют выгрузки через интерфейс и в базу не переносились
N127;A;poll_multicountry;WHO SAGE;2007-2015;Study on global AGEing and adult health;Китай, Гана, Индия, Мексика, Россия, ЮАР;42464;национальные выборки 50+ и 18-49;2002-2015;https://apps.who.int/healthinfo/systems/surveydata/index.php/catalog/sage;;full;;official;;no;T1;;partial;;ЕДИНСТВЕННАЯ гармонизированная инфраструктура по старению, включающая Россию. Полнота разбора: внесены охват и объёмы волны 1
N128;A;poll_multicountry;European Commission (Eurobarometer);1991-2010;Eurobarometer — серия по биотехнологиям;ЕС + 5, 32 страны;30800;личные интервью, 7 волн;1991-2010;https://data.europa.eu/data/datasets/s755_73_1_ebs341;;full;;official;;no;T2;f2f;partial;;20 лет динамики отношения к биотехнологиям — фон для геропротекторов. Полнота разбора: внесены охват и объём последней волны серии
N131;A;poll_multicountry;Ipsos Global Advisor;2025;Attitudes to Ageing 2025;32 страны вкл. Мексику, Колумбию, Перу, Бразилию, Индонезию, Таиланд, Филиппины;23745;онлайн-панель, возрастные рамки различаются по странам;24 января - 7 февраля 2025;https://www.ipsos.com/en/old-age-begins-66-six-ten-say-they-are-not-looking-forward-it;;full;;official;;no;T1;online;partial;;Оговорка Ipsos: результаты НЕ взвешены по численности населения, глобальное среднее — простое среднее по рынкам. Три расхождения во вторичных пересказах
N132;A;poll_multicountry;ALAS Conocimiento + Estrategia / Hype50+ (заказчик SURA);2022;Tsunami LatAm — Generacion +45;7 стран: Мексика, Чили, Колумбия, Бразилия, Перу, Аргентина, Уругвай;20000;количественный + качественный, в Мексике клиентская база Afore SURA;2022 (обновление 2025);https://www.estrategia-sustentable.com.mx/2022/06/02/tsunami-latam-una-fotografia-de-la-longevidad-en-mexico-y-america-latina/;;partial;;official;;no;T3;;full;;Крупнейший опрос о долголетии в Латинской Америке. Мексиканская часть НЕ репрезентативна — клиенты пенсионного фонда. Заказчик ангажирован. Полнота разбора: внесены все опубликованные доли по региону и по Мексике, показатели, выраженные оборотом «N из 10», переведены в проценты и помечены как расчётные
N133;A;poll_national;Instytut Badan Pollster (заказчик Gedeon Richter Polska);2026;Polacy o dlugowiecznosci;Польша;1018;CAWI, репрезентативная выборка;2026 (точные даты не найдены);https://zdrowie.pap.pl/profilaktyka/badanie-dlugowiecznosc-tak-ale-pod-pewnymi-warunkami;;full;;official;;no;T2;online;partial;;ПРЯМОЙ вопрос о бессмертии плюс условие +10 лет ценой рассудка. Заказчик — фармкомпания. Полнота разбора: отношение к долголетию, эмоции о собственной старости, отвергаемые сценарии продления и признаваемые факторы долголетия внесены. Это изложение отчёта, а не сам отчёт: часть таблиц осталась в PDF-версии
N134;A;poll_national;CBOS;2026;Granice mlodosci i starosci — ряд с 1998;Польша;не указано;mixed-mode, стандарт CBOS ~1000;середина апреля 2026;https://www.cbos.pl/SPISKOM.POL/2026/K_049_26.PDF;;full;;official;;no;T1;mixed;full;;Ряд с 1998 по субъективным границам старости. N и метод НЕ извлечены — PDF не парсится. Полнота разбора: внесены все страхи старости, все варианты организации жизни в старости с рядом от 2000 года и источники дохода на старость
N135;A;poll_national;ResSolution Group;2026;Longevity study CZ;Чехия;1515;онлайн-панель National Sample CZ + 10 интервью;март 2026;https://www.mediaguru.cz/cesi-chteji-zit-dele-longevity-je-ale-neznamym-pojmem;;full;;official;;no;T2;online;partial;;Измеряет разрыв декларации и поведения: 53% считают образ жизни здоровым, 24% работают над ним системно
N137;A;poll_multicountry;Afrobarometer;2025;Round 9/10 — здоровье как приоритет африканцев;38 стран Африки;45600;личные интервью, нац. репрезентативные выборки 1200-2400 на страну;2024-2025;https://www.afrobarometer.org/articles/world-health-day-health-overtakes-unemployment-as-africans-top-policy-priority-afrobarometer-surveys-show/;;full;;official;;no;T1;f2f;full;;Крупнейший источник по Африке южнее Сахары. Закрывает приоритеты здоровья и готовность платить через налоги. Полнота разбора: внесены все опубликованные доли раздела о здоровье
N138;A;poll_national;AIA Group;2026;AIA Longevity Study 2026;Сингапур;1000;не указан;апрель-май 2026;https://www.caproasia.com/2026/07/24/aia-longevity-study-2026-1-singapore-citizens-expect-to-live-to-age-80-2-but-health-to-start-declining-at-age-70-2-2-top-aging-well-factors-include-financial-security-physical-health-mental-well/;;full;;official;;no;T3;;partial;;Редкий замер СУБЪЕКТИВНОГО healthspan. Заказчик — страховая компания. Полнота разбора: внесены обе величины из заголовка исследования, полный отчёт AIA в открытом доступе не найден
N139;A;poll_multicountry;Kaspersky / Opinium Research;2020;Our Cyborg Future: 16-nation study finds support for human augmentation, but doubts remain;16 стран;14500;коммерческий опрос, методология описана скупо;2020;https://www.kaspersky.com/about/press-releases/our-cyborg-future;;full;;official;;no;T3;;full;;Разброс 25% Великобритания против 60% Испания и Португалия внутри Западной Европы. Полнота разбора: сводные доли согласия и опасений, разбивка по полу, страновой максимум и мотивы поддержки внесены
N150;E;academic_survey;dos Santos J.P.R. Montazeri N.X. Perovic T. Kendziorra E.F.;2026;Swiss public attitudes to human cryopreservation;Швейцария;249;онлайн через Positly, квоты по полу и возрасту;11 марта - 17 апреля 2025;https://pmc.ncbi.nlm.nih.gov/articles/PMC13155587/;;full;;peer_reviewed;;no;T2;online;full;;КОНФЛИКТ ИНТЕРЕСОВ: соавтор Kendziorra — предположительно CEO Tomorrow Bio. N=249, ДИ около +/-5 п.п. Категория объединяет подписавшихся и заинтересованных. Полнота разбора: лестница, автономия, знание о технологии и состав выборки внесены
N151;E;academic_survey;Gillett C.R. Brame T. Kendziorra E.F.;2021;Comprehensive survey of United States internet users sentiments towards cryopreservation;США;1478;ВЫБОРКА УДОБСТВА — объявления на Craigslist с призом 100 долларов;июль 2020;https://pmc.ncbi.nlm.nih.gov/articles/PMC7790260/;;full;;peer_reviewed;;no;T3;;full;;НЕ репрезентативна. 75% слышали против 47% в репрезентативной Германии — прямой индикатор сдвига. Ценен контраст 20% интерес против 6% намерение. Полнота разбора: внесены все доли аннотации и отраслевой контекст, приводимый в статье
N153;E;industry_stat;Alcor Life Extension Foundation;2025;Members and patients;США;1442 члена;отраслевая статистика, первичный источник;апрель 2025;https://www.alcor.org/resources/library/research-info/alcor-membership-statistics/;;full;;grey;;no;T2;;partial;;Расхождение внутри одного сайта: блог даёт 1442 члена и 248 пациентов, Fact Sheet — более 1500 и более 250. Сайт отдаёт 403 роботам. Полнота разбора: внесён датированный снимок 2021 года целиком. Величины за 2025 год в архивной копии нет — страница живая
N154;E;academic_survey;Cheng N. Huang W. Sun M.;2026;Factors affecting students acceptance of AI resurrection among Chinese college students;Китай;990;онлайн-анкета, пять гипотетических сценариев;2026;https://link.springer.com/article/10.1186/s40359-026-04496-4;10.1186/s40359-026-04496-4;full;;peer_reviewed;;no;T3;online;partial;;СТУДЕНТЫ ВУЗОВ — не население Китая. Проценты по сценариям только в полном тексте. Полнота разбора: внесён объём выборки. Доли по пяти гипотетическим сценариям есть только в полном тексте и не извлечены
N155;E;academic_article;Lu Yang Cui Liu Wong Hu;2026;Public perceptions of AI in bereavement support — qualitative study of griefbots;Китай (Гуандун);25;феноменологические интервью, метод Колайцци;2026;https://www.frontiersin.org/journals/digital-health/articles/10.3389/fdgth.2026.1852514/full;10.3389/fdgth.2026.1852514;full;;peer_reviewed;;no;T2;;full;;КАЧЕСТВЕННОЕ, количественных данных нет. Объясняет механизм зависимости поддержки от формулировки согласия покойного. Полнота разбора: работа качественная, количественных данных не содержит кроме числа интервью
N156;E;academic_article;Ohman C.J. Watson D.;2019;Are the dead taking over Facebook — Big Data approach to the future of death online;мир;база пользователей Facebook;демографическое моделирование на данных платформы;до 2100;https://journals.sagepub.com/doi/10.1177/2053951719842540;10.1177/2053951719842540;full;;peer_reviewed;;no;T1;;full;;Единственная оценка масштаба цифровых останков на реальных демоданных. Методологический контраст к маркетинговым прогнозам рынка. Полнота разбора: оба сценария, распределение по шести континентам и десяти странам в каждом сценарии, сроки достижения паритета с живыми внесены
N157;E;academic_article;Ohman C. Floridi L.;2018;An ethical framework for the digital afterlife industry;концептуальная рамка;n/a;концептуальный анализ;2018;https://www.nature.com/articles/s41562-018-0335-2;;partial;;peer_reviewed;;no;T1;;none;reference;Вводит термин Digital Afterlife Industry и таксономию 4 типов сервисов. Пейвол в Nature, препринт открыт на SSRN
N158;E;media;CBS News;2025;AI simulations of loved ones help some mourners cope with grief;США;n/a;деловая пресса;2025;https://www.cbsnews.com/news/ai-grief-bots-legacy-technology/;;full;;media;;no;T3;;full;;Долг кредиторам около 4,5 млн долларов. Eternos ребрендировался в Uare.ai. ТРЕБУЕТ подтверждения по PACER. Полнота разбора: внесена сумма долга при банкротстве — единственная проверяемая величина сообщения
N159;E;community_survey;Unofficial LessWrong Survey;2025;2024 Unofficial LessWrong Survey — вопрос о крионике;сообщество LessWrong (в основном США);279;опрос сообщества, поле 33 дня;2024, опубликован 14 марта 2025;https://www.lesswrong.com/posts/gpZBWNFxymsqnPB92/2024-unofficial-lesswrong-survey-results;;full;;grey;;no;T3;;full;;НЕ ОБОБЩАЕТСЯ на население. Идеальный кейс тезиса базы: 5,0% подписаны против 19,5% хотел бы но не дошли руки в максимально предрасположенной аудитории. Полнота разбора: внесены все вероятностные оценки, относящиеся к теме набора, и состав выборки. Демографические разделы опроса к теме не относятся и не вносились
N160;E;industry_stat;Longevity.Technology / PitchBook;2026;Годовые отчёты по инвестициям в долголетие 2023-2026;мир;n/a;анализ по 25 доменам (2024), данные PitchBook (2025);2023-2026;https://longevity.technology/news/longevity-biotech-investment-2026-were-set-for-a-breakout-year/;;partial;;grey;;no;T2;;partial;;ОШИБКА ПРЕССЫ: 8,49 млрд — это 2024, а не 2025. Реальный 2025 — 5,72 млрд. Ряды 2024 и 2025 могут быть несопоставимы из-за смены поставщика данных
N161;E;academic_survey;Laakasuo M. Sundvall J. Francis K. Drosinou M. Hannikainen I. Kunnari A. Palomaki J.;2023;Would you exchange your soul for immortality — mind upload approval;выборка Prolific;1007;экспериментальный опрос через Prolific;2023;https://www.frontiersin.org/journals/psychology/articles/10.3389/fpsyg.2023.1254846/full;10.3389/fpsyg.2023.1254846;full;;peer_reviewed;;no;T2;;partial;;НЕ репрезентативна — Prolific образованнее и секулярнее населения. Результаты в средних по шкале, не в процентах. В поле DOI прежде стоял хвост адреса «/full»
N162;E;academic_survey;Laakasuo M. et al.;2018;What makes people approve or condemn mind upload technology;США и др.;1015;серия экспериментов;2018;https://www.nature.com/articles/s41599-018-0124-6;;full;;peer_reviewed;;no;T2;;partial;;Одобрение загрузки предсказывается отвращением и установками на чистоту, а НЕ оценкой технической осуществимости. Полнота разбора: внесён объём выборки одного из исследований серии. Коэффициенты связи в открытом виде не приведены
N170;C;database;MPIDR / UC Berkeley / INED;2025;Human Mortality Database;42 страны, около 50 популяционных рядов;n/a;гармонизированные таблицы смертности;1751-2025;https://www.mortality.org/;;full;restricted;official;;no;T1;cohort;partial;infrastructure;Швеция с 1751. Когортные таблицы только для 9 популяций. ЛИЦЕНЗИЯ: оценки HMD под CC BY 4.0, входные данные нацстатслужб перепубликовывать НЕЛЬЗЯ. Полнота разбора: внесён охват базы, сами ряды смертности в findings не переносятся — лицензия запрещает перепубликацию входных данных национальных статслужб
N171;C;database;MPIDR / UC Berkeley / INED;2025;Human Life-Table Database;142 страны и территории;15008 таблиц;гармонизированные таблицы смертности;исторический охват;https://www.lifetable.de/;;full;open-custom;official;;no;T1;register;partial;infrastructure;Единственный способ построить длинные ряды по развивающимся странам. Регистрация не требуется, есть bulk download. Полнота разбора: внесён охват базы
N172;C;database;INED;2025;International Database on Longevity;13 стран;22135 записей;поштучная валидация 110+, выборочная 105-109;1906-2024;https://www.supercentenarians.org/en;;full;restricted;official;;no;T1;register;full;infrastructure;ЕДИНСТВЕННАЯ база без age-ascertainment bias. Основа Barbi 2018, Rootzen-Zholud, Belzile 2022. Редистрибуция не предполагается. Полнота разбора: годовая вероятность смерти по каждому возрасту от 105 до 114 лет, разбивка по полу и состав базы внесены
N173;C;database;MPIDR;2025;Kannisto-Thatcher Database on Old Age Mortality;30+ стран, только возраста 80+;n/a;единообразный пересчёт смертности старших возрастов;1950-1990 с продлениями;https://www.demogr.mpg.de/databases/ktdb/introduction.htm;;full;unknown;official;;no;T2;register;partial;infrastructure;Лицензия НЕ УКАЗАНА — уточнять у MPIDR. Полнота разбора: внесён охват базы
N174;C;database;Jdanov D.A. Alustiza Galarza A. Shkolnikov V.M. et al.;2021;Short-term Mortality Fluctuations (STMF);38 из 48 популяций HMD;n/a;недельная смертность от всех причин;1990-2025;https://www.mortality.org/Data/STMF;;full;cc-by;official;;no;T1;register;partial;infrastructure;САМАЯ ЧИСТАЯ ПО ЛИЦЕНЗИИ часть HMD: данные CC BY 4.0, метаданные CC0 1.0 — можно перепубликовывать. Полнота разбора: внесён охват базы
N175;C;database;CenSoc / UC Berkeley;2022;Berkeley Unified Numident Mortality Database;США;49000000 записей;микроданные Social Security Numident;1975-2020;https://censoc.berkeley.edu/papers/bunmd/;;full;unknown;official;;no;T2;register;partial;infrastructure;Тип открытой лицензии не указан. Старый Berkeley Mortality Database недоступен — connection refused. Полнота разбора: внесён охват базы
N176;C;database;LongeviQuest;2026;World Supercentenarian Database / Atlas;мир, суперстолетние 110+;261 живущий;курируемая валидация, частная организация;историческая и текущая;https://longeviquest.com/;;full;unknown;official;;no;T2;register;partial;infrastructure;Массовая выгрузка и лицензия не заявлены — цитировать, не копировать датасетом. Полнота разбора: первая сотня подтверждённых рекордов долголетия за всю историю с разбивкой по полу и странам внесена. Полная база организации больше
N177;C;database;Our World in Data;2025;Life Expectancy;все страны и регионы мира;n/a;агрегация UN WPP, HMD, Riley 2005, Zijdeman 2015;1800-2100 (с проекциями);https://ourworldindata.org/life-expectancy;;full;cc-by;official;;no;T1;register;partial;;ЕДИНСТВЕННЫЙ источник, где ряды 1800-сегодня гармонизированы И легально перепубликуемы под CC BY. Есть отдельная страница-ответ на возражение о детской смертности
N178;C;report;OECD;2025;Health at a Glance 2025;страны OECD и партнёры;n/a;сопоставимые индикаторы;ноябрь 2025;https://www.oecd.org/en/publications/health-at-a-glance-2025_8f9e3f98-en.html;;partial;;official;;no;T1;;partial;;Величины HALE в старших возрастах НЕ ИЗВЛЕЧЕНЫ — OECD отдаёт 403 на автозапросы. Полнота разбора: внесена ОПЖ США и отставание от среднего по ОЭСР, главы о здоровой ОПЖ в старших возрастах не получены (сервер отдаёт 403 на автоматические запросы)
N179;C;academic_article;Olshansky S.J. Carnes B.A. Cassel C.;1990;In Search of Methuselah — Estimating the Upper Limits to Human Longevity;США;n/a;оценка на основе таблиц смертности;1990;https://www.science.org/doi/10.1126/science.2237414;10.1126/science.2237414;full;;peer_reviewed;;no;T1;;full;;Отправная точка спора о пределе. 35 лет спустя прогноз проверяется фактом — Япония и Гонконг превысили 85 для женщин. Полнота разбора: требуемые снижения смертности для каждой цели, прибавки от излечения отдельных болезней, значения для возраста 50 лет и доли смертей внесены
N180;C;academic_article;Dong X. Milholland B. Vijg J.;2016;Evidence for a limit to human lifespan;40 стран и территорий;n/a;анализ HMD и IDL;до 2015;https://www.nature.com/articles/nature19793;;full;;peer_reviewed;;no;T1;;partial;;Числа 115 лет, 125 лет, 88% наборов данных НЕ ВЕРИФИЦИРОВАНЫ по тексту — Nature отдаёт 403. Сверить с PDF перед использованием
N181;C;academic_article;Einmahl J.J. Einmahl J.H.J. de Haan L.;2019;Limits to Human Life Span Through Extreme Value Theory;Нидерланды;285000;теория экстремальных значений, возраст 92+;1986-2015;https://www.tandfonline.com/doi/full/10.1080/01621459.2018.1537912;10.1080/01621459.2018.1537912;full;;peer_reviewed;;no;T1;;full;;Точечные оценки 115,7 и 114,1 НЕ верифицированы. Ключевое: предел не сдвигается за 30 лет, хотя число доживших до 95 почти утроилось. Полнота разбора: внесены обе точечные оценки предела, максимумы, верхние границы интервалов и объём выборки
N182;C;academic_article;Pyrkov T.V. Avchaciov K. Tarkhov A.E. Menshikov L.I. Gudkov A.V. Fedichev P.O.;2021;Longitudinal analysis of blood markers reveals progressive loss of resilience;США и Россия;n/a;анализ CBC и данных носимых устройств;2021;https://www.nature.com/articles/s41467-021-23014-1;;full;;peer_reviewed;;no;T1;;partial;;Единственный крупный аргумент за предел НЕ от демографии, а от физиологии. Авторы Gero — выходцы из МФТИ и Сколтеха
N183;C;preprint;Robben J. Kleinow T.;2026;Socio-demographic inequalities in the maximum human lifespan;Бельгия и Нидерланды;n/a;теория экстремальных значений по признакам, возраст 90+;1995-2022;https://arxiv.org/abs/2604.07974;;full;;preprint;;no;T2;;partial;;ПРЕПРИНТ. Переводит вопрос из есть ли предел у человечества в у кого какой предел. Полнота разбора: внесён охват, сам вывод работы качественный — предел различается по социальным группам, точечных оценок по группам в препринте нет
N184;C;academic_article;Hughes B.G. Hekimi S.;2017;Many possible maximum lifespan trajectories;США, Великобритания, Франция, Япония;n/a;повторный анализ данных Dong et al.;с 1968;https://www.nature.com/articles/nature22786;;full;;peer_reviewed;;no;T1;;full;blocked;Вывод Dong et al. — артефакт выбора точки излома. Данные не позволяют различить предел 115 и продолжение роста. Полнота разбора: внесена оспариваемая величина и охват возражения
N185;C;academic_article;Barbi E. Lagona F. Marsili M. Vaupel J.W. Wachter K.W.;2018;The plateau of human mortality — Demography of longevity pioneers;Италия, все жители 105+;3836;полная перепись случаев 105+;2009-2015;https://www.science.org/doi/10.1126/science.aat3119;10.1126/science.aat3119;full;;peer_reviewed;;no;T1;cohort;full;;Величина плато около 0,47-0,48 в год НЕ верифицирована по тексту. Немедленно оспорено комментарием в Science. Полнота разбора: уровень плато, годовая вероятность смерти, остаток жизни в 105 лет, наклоны Гомперца и когортный эффект внесены
N186;C;academic_article;Rootzen H. Zholud D.;2017;Human life is unlimited but short;западные страны и Япония, возраста 110+;n/a;теория экстремальных значений на данных IDL;2017;https://arxiv.org/abs/1708.02184;;full;;peer_reviewed;;no;T1;;partial;;Весь код и данные открыты на GitHub. Редкий случай: формально предела нет И практическая оценка 128 лет в одной работе
N187;C;academic_article;Medford A. Vaupel J.W.;2019;Human lifespan records are not remarkable but their durations are;верифицированные суперстолетние;n/a;статистика рекордов;1899-2014;https://journals.plos.org/plosone/article?id=10.1371/journal.pone.0212345;10.1371/journal.pone.0212345;full;;peer_reviewed;;no;T1;;full;;ПРЯМОЙ контраргумент к народному доводу рекорд не бьют с 1997 значит предел достигнут. Длинные паузы между рекордами статистически нормальны. Полнота разбора: внесены все количественные оценки работы
N188;C;academic_article;Vaupel J.W. Villavicencio F. Bergeron-Boucher M.-P.;2021;Demographic perspectives on the rise of longevity;HMD, акцент Франция Япония Швеция США;n/a;анализ best-practice ОПЖ;1840-2017;https://www.pnas.org/doi/10.1073/pnas.2019536118;10.1073/pnas.2019536118;full;;peer_reviewed;;no;T1;;full;;Лучший источник цифры 2,5 года за десятилетие. Полный код и данные для воспроизведения всех рисунков на GitHub. Полнота разбора: темп роста рекорда, крайние точки ряда, отсрочка смертности за полвека, уровень плато и оспариваемые потолки внесены
N189;C;academic_article;Zuo W. Jiang S. Guo Z. Feldman M.W. Tuljapurkar S.;2018;Advancing front of old-age human survival;20 развитых стран;n/a;анализ процентилей распределения смертей;пять десятилетий;https://www.pnas.org/doi/10.1073/pnas.1812337115;10.1073/pnas.1812337115;full;;peer_reviewed;;no;T1;;partial;;Разрешает спор компрессия против дисперсии третьим ответом — сдвиг фронта без изменения формы. Полнота разбора: внесён охват, результат работы качественный — «наступающий фронт» выживаемости сохраняет форму распределения и меняет только скорость
N190;C;review;Belzile L.R. Davison A.C. Gampe J. Rootzen H. Zholud D.;2022;Is there a cap on longevity — a statistical review;свод основных наборов данных о сверхдолгожителях;n/a;статистический обзор;2022;https://arxiv.org/abs/2104.07843;;full;;peer_reviewed;;no;T1;review;full;;ЕДИНСТВЕННЫЙ источник, системно разбирающий кто в споре считал неправильно. Обязателен против ложного впечатления симметрии сторон. Полнота разбора: внесены оба вывода работы: форма распределения остатка жизни и положение предела
N191;C;preprint;Newman S.J.;2025;Supercentenarian and remarkable age records exhibit patterns indicative of clerical errors and pension fraud;США по штатам, Италия, Япония, Греция;n/a;анализ регистрационных данных;v1 2019 - v4 03.11.2025;https://www.biorxiv.org/content/10.1101/704080v4;10.1101/704080;full;;preprint;;no;T2;register;partial;;ПРЕПРИНТ, НЕ прошёл рецензирование на июль 2026. Ig Nobel по демографии 2024. Исследователи голубых зон назвали работу ethically and academically irresponsible. В поле DOI прежде стоял номер версии препринта «v4»
N192;C;academic_article;Newman S.J.;2018;Errors as a primary cause of late-life mortality deceleration and plateaus;люди и другие виды;n/a;моделирование влияния ошибок учёта;2018;https://journals.plos.org/plosbiology/article?id=10.1371/journal.pbio.2006776;10.1371/journal.pbio.2006776;full;;peer_reviewed;;no;T1;;full;;РЕЦЕНЗИРУЕМОЕ возражение против Barbi 2018. Ошибки частотой менее 1 на 10000 достаточны, чтобы породить плато. Полнота разбора: внесены все числовые результаты работы
N193;C;academic_article;Gavrilov L.A. Gavrilova N.S.;2019;Late-life mortality is underestimated because of data errors;США, данные Social Security Administration;n/a;валидация возрастов 100+;2019;https://journals.plos.org/plosbiology/article?id=10.1371/journal.pbio.3000148;10.1371/journal.pbio.3000148;full;;peer_reviewed;;no;T1;;full;;Количественная шкала загрязнённости данных по возрастам — ключ для методологического раздела базы. Полнота разбора: внесён весь ряд долей неподтверждённого возраста и обе количественные оценки статьи
N194;C;academic_article;GBD 2023 Morbidity Gap Collaborators (Hay S.I., Nam P., Saqib H. и соавт.);2026;Global regional and national trends in the morbidity gap 1990-2023;204 страны и территории;n/a;систематический анализ GBD;1990-2023;https://www.thelancet.com/journals/lanpub/article/PIIS2468-2667(26)00098-8/fulltext;;full;noncommercial;peer_reviewed;;no;T1;register;full;;САМОЕ СВЕЖЕЕ по разрыву healthspan-lifespan, опубликовано 21 июля 2026. Дополняет Garmany и Terzic 2024 длинным рядом и доверительными интервалами. Полнота разбора: мировой ряд разрыва, разбивка по полу, семи надрегионам и группам развития, вклад причин и факторов риска, страновые значения США, Японии и Великобритании внесены
N195;C;academic_article;Permanyer I. Trias-Llimos S. Spijker J.J.A.;2021;Best-practice healthy life expectancy vs life expectancy — catching up or lagging behind;страны-лидеры: Исландия, Япония, Сингапур, Швейцария;n/a;анализ данных GBD;1990-2019;https://www.pnas.org/doi/10.1073/pnas.2115273118;10.1073/pnas.2115273118;full;;peer_reviewed;;no;T1;register;full;;Поддержка гипотезы ЭКСПАНСИИ заболеваемости. Обязательно читать в паре с ответом N196. Полнота разбора: внесены все четыре темпа роста
N196;C;academic_article;Villavicencio F. Bergeron-Boucher M.-P. Vaupel J.W.;2021;Reply to Permanyer et al — the uncertainty surrounding healthy life expectancy indicators;те же данные;n/a;пересчёт с доверительными интервалами;1990-2019;https://www.pnas.org/doi/full/10.1073/pnas.2115544118;10.1073/pnas.2115544118;full;;peer_reviewed;;no;T1;;full;;Интервалы перекрываются — различие трендов статистически НЕ установлено. Тезис о разрыве часто подаётся как факт, а он хрупок. Полнота разбора: внесены те же четыре темпа с доверительными интервалами
N197;C;academic_article;Zimmer Z. Sun F. Duynisveld A.;2024;Are we adding pain-free years to life — a test of compression versus expansion of morbidity;США;77996 переходов;панель HRS и AHEAD, неинституционализированные 70+;1993-2018;https://academic.oup.com/biomedgerontology/article/79/8/glae157/7693921;;partial;;peer_reviewed;;no;T1;;full;;Здоровье операционализировано ЧЕРЕЗ БОЛЬ, а не через самооценку. Для возраста 90 экспансии не обнаружено. Полнота разбора: абсолютные и относительные ожидания жизни в трёх состояниях боли для 70, 80 и 90 лет, переходы между состояниями, смертность по состояниям и цитируемые вероятности дожития внесены
N198;C;academic_article;Shen T. Payne C.F.;2023;Disability and morbidity among US birth cohorts — multidimensional test of dynamic equilibrium theory;США;n/a;панель HRS, когорты 1914-1953, возраст 60+;1998-2018;https://pmc.ncbi.nlm.nih.gov/articles/PMC10625143/;;full;;peer_reviewed;;no;T1;cohort;partial;;"Ответ на дилемму Фрайса разный для разных социальных групп: равновесие у образованных, экспансия у наименее образованных. Полнота разбора: внесён единственный опубликованный точечный прирост; остальные результаты работы даны качественно"
N199;C;forecast;GBD 2021 Forecasting Collaborators;2024;Burden of disease scenarios for 204 countries 2022-2050;204 страны и территории;n/a;прогноз, пять сценариев;2022-2050;https://www.thelancet.com/journals/lancet/article/PIIS0140-6736(24)00685-8/fulltext;;full;noncommercial;peer_reviewed;;no;T1;review;partial;;Датасет прогнозов свободно доступен через GHDx по некоммерческому соглашению IHME. Полнота разбора: мировые и надрегиональные итоги, сдвиг бремени к заболеваемости и эффекты четырёх сценариев внесены. Страновые таблицы по 204 странам не переносились
N200;C;conference_abstract;Lee Y. Tsui I. Yon Y.;2024;Analyzing longevity trends — age-specific contributions to life expectancy gains across Europe;50 из 53 государств Европейского региона ВОЗ;n/a;декомпозиция Arriaga 1984;1980-2000 и 1999-2019;https://pmc.ncbi.nlm.nih.gov/articles/PMC11689040/;;full;;conference;;no;T3;;partial;;ТЕЗИСЫ КОНФЕРЕНЦИИ, не полноценная рецензируемая статья. Прямо поддерживает тезис вкладки Сто лет одиночества — искать полную версию
N210;D;academic_article;Lloyd-Jones DM Ning H Labarthe D et al.;2022;Status of Cardiovascular Health in US Adults and Children Using Life's Essential 8 Metrics;США;23409;анализ NHANES по восьми метрикам сердечно-сосудистого здоровья;2013-2018;https://doi.org/10.1161/CIRCULATIONAHA.122.060911;10.1161/CIRCULATIONAHA.122.060911;partial;;peer_reviewed;;no;T1;register;full;;Каноническая работа, вводящая американский композитный индекс здоровья — прямой структурный аналог пяти критериев ЗОЖ Росстата. Circulation 2022, 146(11):822-835. Полнота разбора: распределение по уровням композита, средние по восьми составляющим, разбивка по полу, возрасту и этническим группам, детские значения внесены
N211;D;academic_article;Li J Wei X;2025;Current status of cardiovascular health among US adults using Life's Essential 8, NHANES 2017-2023;США;11939;анализ NHANES, репрезентативная выборка;2017-2023;https://pmc.ncbi.nlm.nih.gov/articles/PMC12365178/;;full;;peer_reviewed;;no;T1;;full;;ПОДТВЕРЖДАЕТ поправку о ЗОЖ на данных США: питание — связывающее ограничение, менее 10% на верхнем балле по диете против более 50% по никотину, сну и глюкозе. Полнота разбора: внесены средние баллы по всем разрезам и сравнение до и во время пандемии
N212;D;academic_article;Luke A Dugas LR Durazo-Arvizu RA Cao G Cooper RS;2011;Assessing Physical Activity and its Relationship to Cardiovascular Risk Factors — NHANES 2003-2006;США;3370;самоотчёт и акселерометрия на одних и тех же людях, возраст 20-65;2003-2006;https://pmc.ncbi.nlm.nih.gov/articles/PMC3123595/;;full;;peer_reviewed;;no;T1;device;full;;СИЛЬНЕЙШИЙ замер разрыва слова и дела: обе величины на ОДНИХ И ТЕХ ЖЕ людях. Оговорка — требование 10-минутных блоков жёстче поздних рекомендаций США. Полнота разбора: внесены доли выполняющих норму по акселерометру при трёх порогах строгости
N213;D;poll_subnational;СПб ГКУЗ Центр общественного здоровья и медицинской профилактики;2024;Показатели распространённости факторов риска ХНИЗ среди жителей Санкт-Петербурга;Санкт-Петербург;442;анкетирование, около 50 вопросов, стратифицированная выборка 20-74 лет;2024;https://gcmp.ru/soc_jsjh9rnqwhnresrjhern35ehtre/;;full;;official;;no;T3;register;full;;НЕ СОПОСТАВИМО с Росстатом: анкета измеряет самооценку достаточности, Росстат — граммы. Тот же критерий даёт 53,6% против 12%. В исходной выборке было 80% женщин. Полнота разбора: факторы риска, лечение, алкоголь и разрыв между знанием, самооценкой и практикой внесены
N214;B;poll_national;СПАО Ингосстрах совместно с Финансовым университетом;2023;Исследование о желаемой продолжительности жизни россиян;Россия;не указан;не указан;2023;https://www.ingos.ru/company/news/2023/565966b8-aa94-4d6d-52ab-08db7ed19fd6;;full;;official;;no;T3;;full;;Заказчик — страховая компания. N, метод и даты поля НЕ УКАЗАНЫ, репрезентативной оценкой служить не может. Ценен разрывом внутри опроса: 35% заявляют ЗОЖ, спортом занимаются 14,7%. Полнота разбора: внесён весь ряд желаемой продолжительности жизни и все опубликованные доли по здоровому образу жизни
N220;D;meta_analysis;Rhodes RE, de Bruijn GJ;2013;How big is the physical activity intention-behaviour gap — a meta-analysis using the action control framework;мета-анализ 10 исследований;3899;систематический обзор и мета-анализ со случайными эффектами, поправка на смещение выборки;поиск в июле 2012;https://europepmc.org/article/MED/23480428;;partial;;peer_reviewed;;no;T1;review;full;;ЗАКРЫВАЕТ СЛОЙ НАМЕРЕНИЯ — самый пустой в базе. ВНИМАНИЕ: в абстракте два разных значения разрыва — 46% в результатах и 48% в разделе Statement of contribution. Приводить оба. Полнота разбора: все четыре клетки рамки контроля действия, величина разрыва, недобор до норматива и ограничения выборок внесены
N221;D;review;Muscedere J Shorey CL Duque G Kim P Lorbergs AL McGlory C Merchant RA Newman JC Rolland Y Vellas B;2025;Advancing Geroscience Research — A Scoping Review of Regulatory Environments for Gerotherapeutics;мир;3780 публикаций;скоупинг-обзор регуляторных сред;2025;https://europepmc.org/article/MED/40706485;;full;;peer_reviewed;;no;T1;review;full;;Отсмотрено 3780 публикаций, регуляторных рамок для геротерапевтиков не найдено ни одной. Объясняет, почему слой намерения пуст — намереваться нечего. Полнота разбора: объём поиска, число включённых публикаций и число найденных препятствий внесены. Числовых результатов в работе больше нет - это обзор нормативной базы
N222;D;academic_article;Conner M, Norman P;2022;Understanding the intention-behavior gap — the role of intention strength;обзор;n/a;теоретический обзор с обобщением мета-аналитических оценок;2022;https://europepmc.org/article/MED/35992469;;full;;peer_reviewed;;no;T2;review;full;unverified;Существование и релевантность подтверждены по абстракту. КОНКРЕТНЫЕ ДОЛИ ДИСПЕРСИИ агентом заявлены, но в абстракте отсутствуют — извлечь из полного текста перед использованием. Полнота разбора: внесены все доли объяснённого разброса, приводимые в обзоре. Прежде источник числился без чисел: в абстракте их действительно нет
N223;D;review;Cutler RL Fernandez-Llimos F Frommer M Benrimoj C Garcia-Cardenas V;2018;Economic impact of medication non-adherence by disease groups — a systematic review;мир;n/a;систематический обзор;2018;https://europepmc.org/article/MED/29358417;;full;;peer_reviewed;;no;T1;review;full;unverified;Существование подтверждено. В абстракте есть проценты, но их привязка к болезням не установлена — извлечь из полного текста. Числа, названные агентом, НЕ подтвердились. Полнота разбора: внесены границы стоимости неприлежания и объём обзора
N224;A;official_stat;Cabinet Office of Japan (内閣府);2023;令和5年版高齢社会白書 — Белая книга о стареющем обществе;Япония;n/a;официальная государственная статистика;2023;https://www8.cao.go.jp/kourei/whitepaper/;;full;;official;;no;T1;register;partial;;Доля населения 65+ достигла 29,0% в 2023 году. Домохозяйства с лицами 65+ — около половины всех домохозяйств. Полнота разбора: возрастная структура, прогноз до 2070 года, здоровая продолжительность жизни и занятость пожилых внесены. Полный доклад на японском не разбирался
N230;A;poll_national;Manulife (Asia Care Survey 2025), вьетнамская часть;2025;Longer life no longer top priority for Vietnamese people;Вьетнам;1000;онлайн-опрос, 25+, часть азиатского замера по девяти рынкам;январь-февраль 2025;https://vietnamnews.vn/economy/1720295/survey-reveals-longer-life-no-longer-top-priority-for-vietnamese-people.html;;secondary;;official;;no;T2;online;partial;;ЗАКАЗЧИК — СТРАХОВАЯ КОМПАНИЯ. Числа сверены по публикации Vietnam News: цифры, названные страновым агентом (82,6 года и др.), НЕ ПОДТВЕРДИЛИСЬ и отброшены
N231;A;academic_survey;Iman S, Taha WAH, Adenwala FA, Saifee ZA, Fatima SA, Wazil SM, Ille T, Muttappallymyalil J;2026;Adult perceptions and awareness of longevity in the elderly — healthy aging from a public health perspective in the UAE;ОАЭ;446;кросс-секционный онлайн-опрос, самозаполняемая анкета, SPSS 29;2026;https://europepmc.org/article/MED/41962090;;partial;;peer_reviewed;;no;T3;online;full;;НОВАЯ СТРАНА. Все пять чисел сверены по абстракту. Онлайн-анкета с самоотбором — на население ОАЭ не переносится. Пейвол, доступен абстракт. Полнота разбора: общая оценка представлений, семь признанных факторов долголетия и приведённые в статье внешние оценки внесены
N232;A;academic_survey;Remr J;2025;Assessing Ageist Attitudes — Psychometric Properties of the Fraboni Scale of Ageism in a Population-Based Sample;Чехия;не указано;количественный кросс-секционный опрос, ЛИЧНЫЕ ИНТЕРВЬЮ, шкала FSA из 29 пунктов;2025;https://europepmc.org/article/MED/41562786;;full;;peer_reviewed;;no;T1;f2f;partial;;Личные интервью на популяционной выборке — качество выше типичных онлайн-панелей. Альфа Кронбаха 0,949 сверена по абстракту. Полнота разбора: свойства шкалы, состав выборки, доля объяснённой дисперсии и направление поколенческого различия внесены. Таблица средних баллов по поколениям не переносилась
N233;A;academic_survey;Mohammadpour A, Sadeghmoghadam L, Shareinia H, Jahani S, Amiri F;2018;Investigating the role of perception of aging and associated factors in death anxiety among the elderly;Иран (Гонабад);330;аналитическое описательное исследование, шкалы Barker APQ и Collett-Lester;2018;https://europepmc.org/article/MED/29588578;;full;;peer_reviewed;;no;T3;;full;;НОВАЯ СТРАНА. Четыре значения сверены по абстракту. Один город (Гонабад), только пожилые — на население Ирана не переносится. Полнота разбора: сводные баллы обеих шкал с разбросом, наивысшие подшкалы, состав выборки и результат регрессии внесены
N234;A;academic_survey;Taghiabadi M, Kavosi A, Mirhafez SR, Keshvari M, Mehrabi T;2017;The association between death anxiety with spiritual experiences and life satisfaction in elderly people;Иран (Нейшабур);190;кросс-секционное описательно-аналитическое, посетители медцентров;осень-зима 2017;https://europepmc.org/article/MED/28461873;;full;;peer_reviewed;;no;T3;;full;pending;ОГОВОРКА: коэффициенты корреляции, названные агентом, в абстракте ОТСУТСТВУЮТ. Внесён только объём выборки и факт исследования. Числа требуют извлечения из полного текста. Полнота разбора: внесены все три коэффициента корреляции и состав выборки
N240;D;cohort_study;Чжу Наньбо, Чжоу Ми, Юй Цаньцин, Го Юй, Бянь Чжэн, Тань Юньлун, Пэй Пэй, Чэнь Цзюньши, Чэнь Чжэнмин, Люй Цзюнь, Ли Лимин;2019;Prevalence of healthy lifestyle in Chinese adults (China Kadoorie Biobank);Китай (10 регионов);487198;когорта CKB, базовое обследование 30-79 лет, исключены лица с ИБС, инсультом и раком;2004-2008, повтор 2013-2014;http://chinaepi.icdc.cn/zhlxbx/ch/reader/view_abstract.aspx?file_no=20190203&flag=1;;full;;peer_reviewed;;no;T2;cohort;partial;;КЛЮЧЕВОЙ АНАЛОГ РОССИЙСКОГО ЗОЖ: композит из ШЕСТИ критериев плюс доли по отдельным критериям. Китайский журнал эпидемиологии 2019, 40(2):136-141. ОГОВОРКА: когорта, а не репрезентативная выборка населения, 10 регионов не покрывают весь Китай
N241;A;meta_analysis;Wang J, Shi T, Shi W, Nan M, Ding Y;2026;Attitudes toward death and associated factors among older adults in China — a systematic review and meta-analysis;Китай;4098;мета-анализ 15 исследований по шкалам DAP-R и Elderly Death Attitude Scale, PRISMA 2020, поиск по семи базам;до июля 2025;https://europepmc.org/article/MED/42216141;;partial;;peer_reviewed;;no;T1;review;full;;ВНИМАНИЕ: страновой агент СДВИНУЛ ВСЕ ПОДПИСИ измерений. Здесь приведены значения из абстракта первоисточника. Гетерогенность крайне высокая, I2 более 95 процентов. Полнота разбора: сводные баллы по пяти измерениям с интервалами, состав обзора и мера неоднородности внесены
N242;A;poll_national;Edelman по заказу Grupo Bradesco Seguros;2025;Indicador de Longevidade Pessoal (ILP), 2-е издание;Бразилия, все регионы, углублённо 10 штатов;4400;количественное исследование, 18+;опубликовано 20 октября 2025;https://www.cnnbrasil.com.br/saude/apenas-17-dos-brasileiros-acham-que-envelhecer-e-ruim-diz-estudo/;;secondary;;official;;no;T2;;full;;ЗАКАЗЧИК — СТРАХОВАЯ ГРУППА, коммерчески заинтересована. Числа сверены по публикации CNN Brasil, первичный отчёт не открыт. Полнота разбора: внесены все опубликованные доли второго издания индикатора и демографический прогноз
N243;A;poll_national;Manulife (Asia Care Survey 2025), индонезийская часть;2025;Masyarakat Indonesia lebih utamakan kualitas hidup ketimbang umur panjang;Индонезия;не указано;часть азиатского замера по девяти рынкам, 25+;январь-февраль 2025;https://mediaasuransinews.co.id/asuransi/survei-manulife-masyarakat-indonesia-lebih-mengutamakan-kualitas-hidup-daripada-usia-panjang/;;secondary;;official;;no;T2;;full;;ЗАКАЗЧИК — СТРАХОВАЯ КОМПАНИЯ. Объём выборки по Индонезии не публикуется. Тот же опрос, что вьетнамский N230 — прямая сопоставимость. Полнота разбора: внесены все величины публикации. Объём выборки по Индонезии организация не раскрывает
N250;A;poll_national;British Social Attitudes / ISSP Religion (разбор BRIN);2018;Religious change in Britain — evidence from the 1991 and 2018 ISSP Religion modules;Великобритания;не указано;национальный опрос BSA, модули ISSP Religion I и IV;1991 и 2018;https://www.brin.ac.uk/religious-change-in-britain-evidence-from-the-1991-and-2018-issp-religion-modules/;;full;;official;;no;T1;;full;;Ключевой контраст: вера в загробную жизнь упала на 5 п.п., вера в Бога — на 12. Загробная жизнь устойчивее институциональной религии. Объёмы выборок в разборе не приведены. Все восемь величин сверены с публикацией BRIN 13.08.2026 и совпали дословно. Полнота разбора: внесены все показатели таблицы 1 за обе волны
N251;B;poll_national;Левада-Центр в рамках ISSP «Отношение к религии»;2018;Россияне укрепились в верованиях;Россия;не указано;национальный опрос, модуль ISSP Religion, волны 1998, 2008, 2017;1998, 2008, 2017;https://www.levada.ru/2018/01/16/rossiyane-ukrepilis-v-verovaniyah/;;full;;official;;no;T1;;full;;Левада-Центр внесён Минюстом РФ в реестр иностранных агентов. Объём выборки и даты поля в публикации не указаны. Волна 1991 в этой публикации не приводится. Полнота разбора: внесены все опубликованные доли по вере в сверхъестественное и обе точки ряда о загробной жизни
N260;C;database;Our World in Data (на данных HMD и UN WPP);2024;Life expectancy at age 10;мир и страны;n/a;периодные таблицы смертности, показатель e10 — возраст, до которого доживёт десятилетний;1751-2023;https://ourworldindata.org/grapher/life-expectancy-at-age-10;;full;;official;;no;T1;register;partial;;Ключевой показатель для отделения вклада детской смертности: по построению она на него не влияет. Швеция с 1751 года, Франция с 1816. Лицензия CC BY
N261;A;poll_national;Pew Research Center;2013;Living to 120 and Beyond: Americans' Views on Aging, Medical Advances and Radical Life Extension;USA;2012;телефон, случайная выборка, мобильные и стационарные, все 50 штатов;2013-03-21..04-08;https://www.pewresearch.org/religion/2013/08/06/living-to-120-and-beyond-americans-views-on-aging-medical-advances-and-radical-life-extension/;;full;;official;;no;T1;;full;;Погрешность ±2,9 п.п. Базовый замер линии Pew, продолженной в 2025 (N001). Полнота разбора: топлайн модуля о продлении жизни разобран целиком
N262;D;cohort_study;Bai R, Zhang H, Qi X, Jiang T, Deng Y, Gao X, Deng J, Yao Y, Mei Y;2025;Cross-sectional trends in healthy lifestyles among the oldest-old in China 1998-2018;Китай;19736;CLHLS, три волны, возраст 80+;1998, 2008, 2018;https://doi.org/10.1186/s12877-025-06747-2;10.1186/s12877-025-06747-2;full;;peer_reviewed;;no;T1;cohort;full;;Четыре критерия ВОЗ: питание, движение, отказ от табака и алкоголя, психическое благополучие. Полнота разбора: внесена динамика регулярных упражнений — единственной составляющей, которая упала
N263;D;meta_analysis;Zhang Z, Li R, Xie Y, Chen Z, Bailey R, Khoo S;2025;Prevalence of meeting 24-hour movement guidelines in China: systematic review and meta-analysis;Китай;832027;мета-анализ 68 исследований, случайные эффекты;2016-2025;https://doi.org/10.1186/s12889-025-25915-y;10.1186/s12889-025-25915-y;full;;peer_reviewed;;no;T1;review;full;;Три компонента: физическая активность, сидячее поведение, сон. Полнота разбора: внесены все объединённые оценки с доверительными интервалами по всем возрастным группам
N264;D;official_stat;Abernethy D, Bennie J, Pavey T;2025;Temporal trends in aerobic physical activity guideline adherence among US adults 2011-2019;США;2052288;BRFSS, пять волн, самоотчёт, взвешено к населению;2011, 2013, 2015, 2017, 2019;https://doi.org/10.1371/journal.pone.0316051;10.1371/journal.pone.0316051;full;;official;;no;T1;device;full;;Самоотчёт — прямая пара к акселерометрическому замеру NHANES. Полнота разбора: внесены границы ряда, динамика по молодым взрослым и мировой контекст
N265;D;academic_article;Ma H, Wang X, Xue Q, Li X, Liang Z, Heianza Y, Franco OH, Qi L;2023;Cardiovascular Health and Life Expectancy Among Adults in the United States;США;23003;NHANES 2005-2018, возраст 20-79, привязка к National Death Index;2005-2018;https://doi.org/10.1161/CIRCULATIONAHA.122.062457;10.1161/CIRCULATIONAHA.122.062457;full;;peer_reviewed;;no;T1;;full;;Медиана наблюдения 7,8 года, 1359 смертей. Оценка по Life's Essential 8. Полнота разбора: ожидаемая продолжительность жизни по трём уровням композита, разложение по причинам смерти, отношения рисков, вклад отдельных составляющих и распределение по уровням внесены
N266;D;cohort_study;Li Y, Pan A, Wang DD, Liu X, Dhana K, Franco OH, Kaptoge S, Di Angelantonio E, Stampfer M, Willett WC, Hu FB;2018;Impact of Healthy Lifestyle Factors on Life Expectancies in the US Population;США;123219;Nurses Health Study 1980-2014 и Health Professionals Follow-up Study 1986-2014;1980-2014;https://doi.org/10.1161/CIRCULATIONAHA.117.032047;10.1161/CIRCULATIONAHA.117.032047;full;;peer_reviewed;;no;T1;cohort;full;;Пять факторов: некурение, ИМТ 18,5-24,9, 30+ мин активности, умеренный алкоголь, качество питания. Полнота разбора: ожидаемая продолжительность жизни по числу факторов, градиент рисков смерти, популяционный атрибутивный риск и историческая динамика приверженности внесены
N267;B;academic_survey;Yi X, He Y, Huang Z, Liu M, Fekadu G, Liu X, Yu Z, Yiu HHE, Huang J, Wu Y, Ming WK;2025;Public attitudes toward euthanasia legalization in China: a national cross-sectional study;Китай;31449;многоступенчатая случайная выборка, взрослые 18+;2022-06-20..08-31;https://doi.org/10.1186/s13690-025-01769-z;10.1186/s13690-025-01769-z;full;;peer_reviewed;;no;T1;;partial;pending;Итоговая доля поддержки в абстракте не приведена — требуется полный текст. Полнота разбора: внесён объём и устройство выборки. Итоговой доли поддержки в работе нет: результаты приведены только коэффициентами и отношениями шансов
N268;B;cohort_study;Wang D, Jensen L;2025;Changing self-perceptions of aging in China: a cohort analysis;Китай;38663;CLHLS, восемь волн, возраст 65-99 на входе, когорты 1898-1949;1998-2018;https://doi.org/10.1007/s10433-025-00870-0;10.1007/s10433-025-00870-0;full;;peer_reviewed;;no;T1;cohort;partial;pending;Межкогортное снижение позитивного самовосприятия старения с разворотом у когорты 1945-1949. Полнота разбора: внесён объём панели. Межкогортная динамика описана коэффициентами модели, готовых долей в работе нет
N269;D;academic_survey;Xu L, Chen M, Angell B, Jiang Y, Howard K, Jan S, Si L;2024;Establishing cost-effectiveness threshold in China: a community survey of willingness to pay for a healthy life year;Китай;896;очные интервью, провинция Цзянсу, выборка удобства, четырёхраундовый дихотомический выбор;2024;https://doi.org/10.1136/bmjgh-2023-013070;10.1136/bmjgh-2023-013070;full;;peer_reviewed;;no;T2;f2f;full;;Одна провинция и выборка удобства — не репрезентативно для страны. Полнота разбора: три порога готовности платить, их пересчёт в доли валового продукта на душу, долларовые эквиваленты и найденные связи внесены
N270;B;academic_survey;Chen H, Xiao Y, Huang X, Fan S, Wu H, Li L, Wu Y;2024;Factors influencing Chinese parents' support for death education: a cross-sectional survey;Китай;12435;национальная квотная выборка родителей;2024;https://doi.org/10.3389/fpubh.2024.1285208;10.3389/fpubh.2024.1285208;full;;peer_reviewed;;no;T2;;partial;pending;В абстракте только коэффициенты регрессии, долей поддержки нет. Полнота разбора: внесены объём выборки и коэффициенты индивидуального уровня. Долей поддержки работа не приводит
N271;B;community_survey;Open Longevity совместно с Counterclockwise и Lost.Report;2022;Опрос об отношении к смерти и радикальному продлению жизни;Россия и русскоязычная аудитория;1119;онлайн-анкета, самоотбор, шкала Лайкерта на пять позиций, 99 вопросов;2022-11 (две недели);https://openlongevity.org/;;full;;grey;;no;T3;online;partial;;Начали 1373 человека, дошли до конца 1119. Факторный анализ методом главных компонент с Varimax-вращением дал шесть факторов и 35 % дисперсии, кластеризация K-Modes на пять групп. САМООТБОР: ссылка распространялась в сообществе, заявленная цель — поиск стратегий вовлечения в трансгуманистическую повестку. На население не обобщается
N272;A;poll_national;Public Policy Polling по заказу Alliance for Longevity Initiatives;2025;National Survey Results March 2025;США;755;автоматизированный телефонный опрос зарегистрированных избирателей;2025-03-05..06;https://a4li.org/;;full;;official;;no;T1;register;partial;;ВАЖНО: выборка — зарегистрированные избиратели, а не все взрослые. По голосованию 2024 года 48 % Трамп и 46 % Харрис. Расщеплённой выборки с разными формулировками в анкете нет: поддержка 80 % — это нетто одного вопроса о клеточном старении, а не результат эксперимента
N274;D;academic_article;Национальный университет Сингапура и соавторы;2025;HEalthy LOngevity (HELO) conceptual framework;мир;n/a;рамочная статья по итогам обзора литературы и экспертных обсуждений;2025;https://doi.org/10.1007/s11357-025-01562-4;10.1007/s11357-025-01562-4;full;;peer_reviewed;;no;T1;review;none;reference;ДАННЫХ НЕТ: статья описывает рамку из трёх компонентов и заявляет, что опросы будут проведены позже. Держим как задел на будущий гармонизированный международный инструмент
N275;A;academic_survey;Donner Y, Fortney K, Calimport SRG, Pfleger K, Shah M, Betts-LaCroix J;2016;Great Desire for Extended Life and Health amongst the American Public;США;1000;онлайн-опрос, первая волна и реплика на 1500 человек;2015;https://doi.org/10.3389/fgene.2015.00353;10.3389/fgene.2015.00353;full;;peer_reviewed;;no;T1;online;full;;Ключевой замер эффекта гарантии здоровья: при оговорке о полном здоровье доля желающих жить дольше 120 лет вырастает на порядок. Заглавная плитка и график hD. Полнота разбора: статья на две страницы разобрана целиком
N276;A;academic_survey;Barnett MD, Helphrey MW;2021;Age cohort differences in willingness to take a life extension pill;США;911;онлайн-опрос взрослых;2021;https://pubmed.ncbi.nlm.nih.gov/;;full;;peer_reviewed;;no;T2;cohort;full;;Точка 33 процента на графике эффекта формулировки: «приняли бы таблетку бессмертия». Первичная публикация по прямой ссылке не открыта — тир понижен. Полнота разбора: опубликованная таблица по когортам разобрана целиком
N277;B;poll_national;Russian Field;2024;Отношение к бесконечной жизни при идеальной терапии;Россия;не указан;телефонный или онлайн-опрос, методика не опубликована;2024;https://russianfield.com/;;full;;official;;no;T3;phone;full;;"Точка 8 процентов на пунктирной линии графика tR. Формулировка жёстче, чем у Левады. Полнота разбора: единственная опубликованная величина внесена; объём выборки и разбивки организация не публикует"
N278;D;academic_article;Белоглазова И. П. и соавт., приведено в обзоре Вестника ВШОУЗ;2019;Избыточное потребление поваренной соли: эпидемиологическое значение и стратегии управления;Россия;не указан;измерение суточного потребления соли;2019;https://cyberleninka.ru/article/n/izbytochnoe-potreblenie-povarennoy-soli-epidemiologicheskoe-znachenie-i-strategii-upravleniya;;full;;peer_reviewed;;no;T2;;full;;Единственный найденный российский замер, где опубликованы и среднее, и разброс: 11,15 плюс-минус 6,03 грамма в сутки. На нём построена расчётная доля по соли в графике cZ. Полнота разбора: мировые оценки, российский ряд и доля ЭССЕ-РФ внесены
N279;C;academic_article;Efimov E., Fedotov V., Malaev L., Khrameeva E.E., Kriukov D. (Сколтех и AIRI);2026;Somatic mutations impose an entropic upper bound on human lifespan;мир;n/a;имитационное моделирование по органам;2026;https://doi.org/10.1038/s41514-026-00421-6;10.1038/s41514-026-00421-6;full;;peer_reviewed;;no;T1;;full;;Верхний край спектра прогнозов: медиана 156 лет, диапазон 146-194 при устранении прочих обратимых механизмов старения. Опубликовано в npj Aging. Полнота разбора: базовая линия без старения, оценки по отдельным типам клеток, сводная многоорганная оценка и контрольные расчёты по замороженной смертности внесены
N280;D;database;Our World in Data (на данных ВОЗ);2000-2024;Курение, потребление алкоголя и ожирение в России, погодовые ряды;Россия;n/a;сводные ряды ВОЗ, Global Health Observatory;2000-2024;https://ourworldindata.org/;;full;;official;;no;T1;register;full;;Ряды витрины: курение 2000-2022, алкоголь 2000-2020, ожирение 2000-2024. Полнота разбора: погодовые ряды внесены целиком
N281;D;academic_article;Murphy J. J., Allen P. G., Stevens T. H., Weatherhead D.;2005;A Meta-Analysis of Hypothetical Bias in Stated Preference Valuation;мир (28 работ, 83 наблюдения);n/a;мета-анализ заявленных и фактических оценок готовности платить;2005;https://doi.org/10.1007/s10640-004-3332-z;10.1007/s10640-004-3332-z;full;;peer_reviewed;;no;T1;review;full;unverified;Медианное отношение заявленного к фактическому 1,35 — ориентир для разрыва слов и дела. Полнота разбора: внесены медианное отношение и объём мета-анализа
N282;D;academic_article;List J. A., Gallet C. A.;2001;What Experimental Protocol Influence Disparities Between Actual and Hypothetical Stated Values?;мир (29 работ);n/a;мета-анализ экспериментов с заявленной готовностью платить;2001;https://doi.org/10.1023/A:1012791822804;10.1023/A:1012791822804;full;;peer_reviewed;;no;T1;review;full;unverified;Переоценка собственной готовности примерно втрое — второй ориентир. Полнота разбора: внесены множитель завышения и объём мета-анализа
N283;D;academic_article;Волков В. и соавт., приведено в обзоре ВШОУЗ;2019;Оценка среднего потребления поваренной соли в России;Россия;n/a;обзор эпидемиологических замеров;2019;;;secondary;;peer_reviewed;;no;T3;review;none;covered_elsewhere;Соседняя оценка среднего потребления соли 10,8 г в сутки, использована в проверке устойчивости расчёта по соли. Единого адреса нет: оценка приведена во вторичном обзоре ВШОУЗ, первичная публикация Волкова и соавторов не найдена
N284;A;poll_national;YouGov;2021;Death Study: отношение британцев к смерти, смыслу жизни и бессмертию;Великобритания;2164;онлайн-панель, взвешивание по полу, возрасту, региону и социальной группе;2021;https://yougov.co.uk/;;full;;official;;no;T1;online;full;;Прямой вопрос о желании жить вечно при остановленном старении. Полнота разбора: топлайн Death Study разобран целиком
N285;A;academic_survey;Yokokawa Y., Sone T., Matsuyama S., Lu Y., Sugawara Y., Fukao A., Tsuji I.;2023;How Long Would You Like to Live? A 25-year Prospective Observation of the Association Between Desired Longevity and Mortality;Япония;39902;когортное наблюдение, вопрос о желаемой продолжительности жизни в 1990 году и смертность до 2015 года;1990-2015;https://doi.org/10.2188/jea.JE20210493;10.2188/jea.JE20210493;full;;peer_reviewed;;no;T1;cohort;full;;Единственный найденный замер, связывающий заявленное желание жить дольше с фактической смертностью. Полнота разбора: все опубликованные величины когорты внесены. Journal of Epidemiology, 2023, когорта Ohsaki. Прежде стоял DOI 10.1016/j.jpsychores.2023.111308 — статья о психологической гибкости при соматоформном расстройстве в Journal of Psychosomatic Research. Ссылка вела на чужую работу
N286;A;academic_survey;Bourget D, Chalmers D;2020;Philosophers on Philosophy: the 2020 PhilPapers Survey;профессиональные философы, англоязычные;1785;онлайн-опрос, целевая группа — публикующиеся философы;2020-10-15..11-16;https://philpapers.org/surveys/;;full;;peer_reviewed;;no;T1;online;full;;Вопрос «Immortality (would you choose it?)» задан подвыборке в 1 111 человек. Не популяционная выборка: профессиональная группа. Полнота разбора: вопрос о бессмертии и смежные внесены целиком
N287;E;academic_survey;Kawashima D., Kempe T., Koga Y., Kubota S., Urata Y., Watanabe T., Kondo-Arita M., Tsujimoto T.;2025;Attitudes Toward Digital Immortality and Related Factors Among Older Adults: An Exploratory Study From a Developmental Perspective;Япония;296;онлайн-анкетирование;2025;https://doi.org/10.1177/00302228251336498;10.1177/00302228251336498;full;;peer_reviewed;;no;T2;online;full;;Только 8 % хотели бы быть виртуально воскрешёнными, более 70 % против. Полнота разбора: все опубликованные доли внесены. OMEGA — Journal of Death and Dying, 2025, 296 пожилых японцев. Прежде стоял DOI 10.1186/s12889-025-22508-7 — статья о службах помощи детям в BMC Public Health. Ссылка вела на чужую работу
N288;A;academic_article;Czech Sociological Review (анализ European Values Study);2020;Attitudes towards Life and Death in Europe: отношение к эвтаназии, аборту и ЭКО в пяти странах;Чехия, Германия, Нидерланды, Россия, Испания;n/a;конфирматорный факторный анализ данных EVS, волны 2008 и 2017;2008-2017;https://sreview.soc.cas.cz/;;full;;peer_reviewed;;no;T1;;full;;Средние баллы оправданности по шкале 1-10, таблицы восстановлены повторным извлечением из PDF. Полнота разбора: таблица 1 восстановлена из PDF и внесена целиком
N289;A;academic_survey;Frost J., Schneider R.C., Henderson A.K., Ecklund E.H.;2024;Divine Purpose? Religion, Race, and Attitudes Toward Life Extension Technology;США;2080;национальный онлайн-опрос, взвешенный, отклик 61,2 %;2024;https://doi.org/10.1093/socrel/srae023;10.1093/socrel/srae023;full;;peer_reviewed;;no;T1;online;full;;Разложение желания продлить жизнь по мотивам и расовым группам. Полнота разбора: мотивы и разбивка по группам внесены целиком. Прежде в реестре стоял DOI 10.1093/socrel/srad033 — это статья Bacchus «Young Muslims and Christians in a Secular Europe» в том же журнале. Ссылка вела на чужую работу
N290;B;media;Forbes Россия;2018;Застыть в веках: сколько россиян хотят жить неограниченно долго;Россия;n/a;пересказ опроса в деловой прессе;2018;https://www.forbes.ru/tehnologii/362103-zastyt-v-vekah-chto-pozvolit-lyudyam-stat-bessmertnymi;;secondary;;media;;no;T3;;full;;Вторичный пересказ, первичный топлайн не найден. Полнота разбора: оба числа пересказа внесены. Статья Forbes от 20.03.2019. Первичный опрос — Левада-Центр, 6 февраля 2012 года
N291;C;report;ВЦИОМ;2025;Футурологический конгресс 2036: демографические тренды;Россия;n/a;аналитический доклад на данных Росстата и опросов;2025;https://wciom.ru/;;full;;official;;no;T2;register;full;;Полнота разбора: числовые оценки доклада внесены целиком
N292;D;academic_article;Kinsella K.G.;2005;Future Longevity - Demographic Concerns and Consequences;Мир;n/a;обзор демографических прогнозов;2005;https://doi.org/10.1111/j.1532-5415.2005.53494.x;10.1111/j.1532-5415.2005.53494.x;full;;peer_reviewed;;нет;T2;register;full;;Journal of the American Geriatrics Society 53:S299-S303. Разбирает спор о том, упрётся ли средняя продолжительность жизни в 85-90 лет. Приводит первые в истории прогнозы ООН на 300 лет вперёд. Полнота разбора: документированный максимум жизни, прогноз ООН на 300 лет и граница спорного диапазона внесены
N293;D;academic_article;Leeson G.W. (Oxford Institute of Population Ageing);2014;Increasing Longevity and the New Demography of Death;Мир и Англия с Уэльсом;n/a;демографический анализ рядов;2014;https://www.ageing.ox.ac.uk/publications;;full;;peer_reviewed;;нет;T2;;full;;Прослеживает переход от демографии ранней смерти в середине XIX века к демографии поздней смерти в XXI. Содержит именной прогноз ожидаемой продолжительности жизни в Англии и Уэльсе - сто лет и более к концу XXI века. Полнота разбора: мировой ряд продолжительности жизни и доли пожилых, прогноз для Англии и Уэльса и точка перелома возрастной структуры внесены
N295;D;official_stat;Human Mortality Database (UC Berkeley и Max Planck Institute);2024;Полные таблицы дожития Японии, 1947-2024;Япония;n/a;таблицы дожития по одногодичным возрастам;1947-2024;https://www.mortality.org;;microdata;;official;;нет;T1;register;full;;Периодные таблицы для обоих полов. Колонка lx - число доживших до возраста из 100 000 родившихся. Полнота разбора: доли доживающих до 80, 100 и 110 лет по опорным годам и возраст верхнего процента внесены. Полный ряд из 78 лет лежит в data/raw/tables/japan_survival.csv
N296;D;official_stat;Если быть точным (перепаковка данных Росстата);2024;Демографические показатели смертности в регионах России с 1989 года;Россия;n/a;возрастные коэффициенты смертности и таблицы дожития;1989-2023;https://tochno.st/datasets/mortality;;microdata;;official;;нет;T1;register;full;;Закрывает пробел: в Human Mortality Database российских данных после 2014 года нет. Полнота разбора: ряд дожития до 80 лет по опорным годам и ожидаемая продолжительность жизни при рождении и в 65 лет внесены. Полный ряд из 35 лет - в data/raw/tables/russia_survival.csv
N297;D;official_stat;Отдел народонаселения ООН (UN DESA Population Division);2024;World Population Prospects 2024: доли смертей по возрастным группам;Мир;n/a;демографические оценки по странам;1950-2023;https://population.un.org/wpp/;;microdata;;official;;нет;T1;register;full;;Сверено с Human Mortality Database: расхождение 0,0-0,4 пункта у шести стран из восьми. Полнота разбора: доли смертей после 80 лет по восьми странам на опорные годы внесены. Полный ряд 1950-2023 - в таблице
N298;D;official_stat;Росстат;2023;Демографический ежегодник России 2023;Россия;n/a;официальная демографическая статистика;1961-2023;https://rosstat.gov.ru/folder/210/document/13207;;full;;official;;нет;T1;register;partial;;258 страниц плюс приложение с региональными таблицами. Разобрана таблица 2.7 - длинный ряд ожидаемой продолжительности жизни. Полнота разбора: длинный ряд ожидаемой продолжительности жизни при рождении с разбивкой город/село внесён. Разделы о брачности, миграции и причинах смерти к темам работы не относятся
N300;C;historical_source;Dublin L.I., Lotka A.J.;1936;Length of Life: A Study of the Life Table;США;;демографическая оценка предела;1928;https://archive.org/details/lengthoflifestud0000dubl;10.1017/S0020268100013299;full;copyright;peer_reviewed;2026-08-13;no;T2;review;full;;Книга получена целиком, 432 страницы. Величина 64,75 подтверждена дословно: «this hypothetical table promised an ultimate figure of 64.75 years… Since then this hypothetical figure has been actually exceeded in New Zealand. As far back as 1921-1922». Прежде в поле DOI стоял 10.1017/S0020268100013299 — это рецензия в Journal of the Institute of Actuaries, а не книга, и величины в ней нет. Гипотетическая таблица построена ещё в 1922 году, опубликована как предел в 1928-м. Поле DOI очищено: 10.1017/S0020268100013299 — рецензия на переиздание 1949 года в Journal of the Institute of Actuaries, а не сама книга
N301;C;academic_article;Fries J.F.;1980;Aging, natural death, and the compression of morbidity;США;;демографическая оценка предела;1980;https://doi.org/10.1056/NEJM198007173030304;10.1056/NEJM198007173030304;full;copyright;peer_reviewed;2026-08-13;no;T1;review;full;;Гипотеза сжатия заболеваемости и идеальная средняя продолжительность жизни 85 лет. Присланный PDF оказался сканом без текстового слоя, распознанный полный текст получен отдельно и сохранён в raw/articles/text/fries1980_full.txt. Разобраны все числовые утверждения статьи. Полнота разбора: внесены все числовые утверждения статьи: предел и способы его расчёта, разрыв с пределом по годам, показатели качества учёта долгожителей и пластичности старения
N302;C;media;S. J. Olshansky, интервью The New York Times;2024;Ожидаемый предел средней продолжительности жизни, высказывание автора;мир;;высказывание исследователя в интервью;2024;https://www.nytimes.com/2024/10/07/health/aging-longevity-life-expectancy.html;;secondary;copyright;media;2026-08-13;no;T3;review;full;;Ольшанский назвал ожидаемый им предел 87 лет (84 у мужчин, 90 у женщин) в интервью The New York Times в октябре 2024 года. В тексте самой статьи в Nature Aging этих чисел нет, но они согласуются с её расчётом: композитная таблица при нулевой смертности до 50 лет даёт 89,7 года для женщин и 84,7 для мужчин, среднее 87,2. Величина широко разошлась по прессе именно в этой формулировке. Полнота разбора: внесены все три названные в интервью величины
N303;C;official_stat;Ministry of Health, Labour and Welfare, Japan;2007;Полные таблицы смертности Японии (完全生命表), 1-я — 20-я;Япония;n/a;полная таблица смертности по переписи и окончательным данным ЗАГС;1891-2005;https://www.mhlw.go.jp/toukei/saikin/hw/life/20th/index.html;;full;open-custom;official;2026-08-13;no;T1;register;full;;Непрерывный ряд продолжительности жизни Японии за 114 лет по обоим полам. Седьмая таблица не составлялась: перепись 1940 года и учёт военных смертей для неё непригодны. Именно отсюда берётся довоенная точка, прежде ошибочно стоявшая на списке суперстолетних GRG. Полнота разбора: внесён весь ряд полных таблиц смертности с первой (1891–1898) по двадцатую (2005) по обоим полам
N304;C;reference;Федичев П.О.;2023;Взломать старение. Почему теперь мы сможем жить дольше;мир;n/a;научно-популярное изложение;2023;https://alpinabook.ru/catalog/book-vzlomat-starenie/;;partial;copyright;grey;2026-08-13;no;T3;review;partial;;Книга основателя и научного директора Gero. Аннотация: «продление жизни на 10 или 20 лет — не предел для современных медицинских технологий», видовой предел назван как 120-150 лет — та же величина, что в статье Pyrkov и соавт. 2021. Разобрана аннотация, не полный текст. Издательство «Альпина нон-фикшн», 2023, 356 страниц, ISBN 978-5-9614-3839-0
N305;B;poll_national;Левада-Центр;2013;Почему россияне не хотят жить вечно?;Россия;не указан;репрезентативный опрос населения России, метод не раскрыт;ноябрь 2013;https://www.levada.ru/2013/12/12/pochemu-rossiyane-ne-hotyat-zhit-vechno/;;full;copyright;official;2026-08-14;yes;T1;f2f;full;;Опорная российская точка 2013 года с трендом от 2007-го. Топлайн один: 62 % не хотят жить вечно. Доля согласившихся (20 %) названа не Левадой, а приглашённым экспертом в комментарии к той же публикации — строка заведена как secondary. Публикация помечена как материал иностранного агента. Полнота разбора: внесены обе величины по вечной жизни и обе точки ряда о желаемом сроке жизни
N999;C;compilation;Елисов М., расчёты для набора данных;2026;Собственные расчёты составителя базы;мир;;расчёт по данным источников базы;2026;https://orcid.org/0009-0001-3097-2703;;derived;cc-by;grey;2026-08-13;no;T2;review;none;pending;Место для величин, посчитанных составителем базы из НЕСКОЛЬКИХ источников или собственным методом. Расчёт по данным одного источника здесь не заводится: он остаётся при своём источнике с меткой is_derived = 1, иначе теряется связь с данными, на которых сделан. Строки появятся при разнесении сводок N101, N104 и N105. Тир T2: расчёт прозрачен и воспроизводим, но рецензирования не проходил
