country_iso3,country_en,year_hale,hale_years,year_le,life_expectancy_years,gap_years,gap_share_pct
AUS,Australia,2021,70.61,2021,83.1,12.5,15.0
USA,United States,2021,63.91,2021,76.37,12.46,16.3
NZL,New Zealand,2021,69.98,2021,82.2,12.22,14.9
CHE,Switzerland,2021,71.15,2021,83.33,12.18,14.6
FRA,France,2021,70.08,2021,81.92,11.84,14.5
CAN,Canada,2021,69.78,2021,81.58,11.8,14.5
NOR,Norway,2021,71.16,2021,82.88,11.73,14.1
BEL,Belgium,2021,69.79,2021,81.51,11.71,14.4
PRT,Portugal,2021,69.52,2021,81.18,11.66,14.4
ITA,Italy,2021,70.56,2021,82.2,11.63,14.2
IRL,Ireland,2021,70.0,2021,81.6,11.6,14.2
FIN,Finland,2021,69.93,2021,81.53,11.6,14.2
DEU,Germany,2021,68.93,2021,80.49,11.56,14.4
ESP,Spain,2021,71.11,2021,82.66,11.56,14.0
LUX,Luxembourg,2021,71.23,2021,82.78,11.55,13.9
SWE,Sweden,2021,71.12,2021,82.66,11.55,14.0
GBR,United Kingdom,2021,68.64,2021,80.1,11.46,14.3
CHL,Chile,2021,67.65,2021,79.02,11.37,14.4
KOR,"Korea, Rep.",2021,72.45,2021,83.8,11.35,13.5
ISL,Iceland,2021,71.37,2021,82.58,11.21,13.6
AUT,Austria,2021,69.79,2021,80.99,11.2,13.8
KWT,Kuwait,2021,67.78,2021,78.95,11.17,14.1
CYP,Cyprus,2021,70.74,2021,81.91,11.17,13.6
NLD,Netherlands,2021,69.97,2021,81.12,11.16,13.8
LBN,Lebanon,2021,63.22,2021,74.34,11.13,15.0
DNK,Denmark,2021,70.06,2021,81.18,11.13,13.7
MLT,Malta,2021,70.71,2021,81.81,11.1,13.6
PRI,Puerto Rico (US),2021,68.82,2021,79.9,11.08,13.9
JPN,Japan,2021,73.4,2021,84.46,11.07,13.1
SVN,Slovenia,2021,69.36,2021,80.41,11.06,13.8
GRC,Greece,2021,68.55,2021,79.6,11.05,13.9
ARE,United Arab Emirates,2021,67.27,2021,78.31,11.03,14.1
CRI,Costa Rica,2021,67.63,2021,78.63,11.0,14.0
ISR,Israel,2021,70.76,2021,81.74,10.99,13.4
SAU,Saudi Arabia,2021,65.64,2021,76.43,10.78,14.1
IRN,"Iran, Islamic Rep.",2021,63.98,2021,74.71,10.74,14.4
JOR,Jordan,2021,65.07,2021,75.65,10.58,14.0
PSE,West Bank and Gaza,2021,62.93,2021,73.49,10.56,14.4
BRA,Brazil,2021,61.83,2021,72.39,10.56,14.6
LKA,Sri Lanka,2021,66.73,2021,77.23,10.5,13.6
PAN,Panama,2021,66.74,2021,77.24,10.5,13.6
QAT,Qatar,2021,66.21,2021,76.71,10.5,13.7
TUN,Tunisia,2021,63.58,2021,74.07,10.49,14.2
IRQ,Iraq,2021,61.02,2021,71.47,10.45,14.6
DZA,Algeria,2021,65.55,2021,75.98,10.43,13.7
CZE,Czechia,2021,66.66,2021,77.08,10.42,13.5
NIC,Nicaragua,2021,64.61,2021,75.03,10.41,13.9
ATG,Antigua and Barbuda,2021,66.52,2021,76.92,10.39,13.5
MAR,Morocco,2021,62.34,2021,72.62,10.28,14.2
SGP,Singapore,2021,73.65,2021,83.86,10.21,12.2
SYR,Syrian Arab Republic,2021,62.27,2021,72.44,10.17,14.0
BRB,Barbados,2021,66.67,2021,76.84,10.17,13.2
BHR,Bahrain,2021,64.24,2021,74.38,10.15,13.6
LBY,Libya,2021,62.06,2021,72.18,10.12,14.0
TUR,Turkiye,2021,65.21,2021,75.27,10.07,13.4
BTN,Bhutan,2021,64.8,2021,74.88,10.07,13.5
HRV,Croatia,2021,66.8,2021,76.86,10.06,13.1
BGD,Bangladesh,2021,63.05,2021,73.1,10.05,13.7
URY,Uruguay,2021,64.99,2021,74.98,10.0,13.3
LTU,Lithuania,2021,64.23,2021,74.13,9.91,13.4
POL,Poland,2021,65.52,2021,75.4,9.88,13.1
BIH,Bosnia and Herzegovina,2021,64.99,2021,74.85,9.86,13.2
NPL,Nepal,2021,60.2,2021,70.05,9.85,14.1
BRN,Brunei Darussalam,2021,67.1,2021,76.92,9.82,12.8
MUS,Mauritius,2021,63.63,2021,73.42,9.79,13.3
ARG,Argentina,2021,64.79,2021,74.57,9.77,13.1
DOM,Dominican Republic,2021,63.56,2021,73.32,9.76,13.3
TTO,Trinidad and Tobago,2021,61.94,2021,71.71,9.76,13.6
ALB,Albania,2021,66.69,2021,76.39,9.7,12.7
VCT,St. Vincent and the Grenadines,2021,62.88,2021,72.56,9.68,13.3
ECU,Ecuador,2021,64.34,2021,73.96,9.62,13.0
GRD,Grenada,2021,63.16,2021,72.77,9.61,13.2
SVK,Slovak Republic,2021,64.94,2021,74.51,9.57,12.8
HUN,Hungary,2021,64.84,2021,74.4,9.56,12.8
MNE,Montenegro,2021,65.15,2021,74.71,9.56,12.8
THA,Thailand,2021,65.76,2021,75.29,9.53,12.7
COL,Colombia,2021,65.02,2021,74.53,9.51,12.8
LBR,Liberia,2021,53.96,2021,63.46,9.5,15.0
BLZ,Belize,2021,63.82,2021,73.32,9.5,13.0
SUR,Suriname,2021,60.3,2021,69.78,9.48,13.6
SLV,El Salvador,2021,62.2,2021,71.67,9.47,13.2
GTM,Guatemala,2021,59.25,2021,68.7,9.44,13.7
LVA,Latvia,2021,63.76,2021,73.2,9.44,12.9
BLR,Belarus,2021,63.71,2021,73.12,9.42,12.9
MEX,Mexico,2021,61.44,2021,70.83,9.4,13.3
CPV,Cabo Verde,2021,63.77,2021,73.16,9.4,12.8
PRY,Paraguay,2021,60.88,2021,70.27,9.39,13.4
UKR,Ukraine,2021,61.55,2021,70.91,9.35,13.2
LCA,St. Lucia,2021,61.76,2021,71.11,9.35,13.1
YEM,"Yemen, Rep.",2021,56.46,2021,65.76,9.3,14.1
OMN,Oman,2021,63.19,2021,72.48,9.29,12.8
SYC,Seychelles,2021,64.72,2021,74.01,9.29,12.6
MKD,North Macedonia,2021,63.71,2021,73.0,9.28,12.7
GUY,Guyana,2021,56.82,2021,66.08,9.26,14.0
VEN,"Venezuela, RB",2021,62.05,2021,71.22,9.17,12.9
IND,India,2021,58.15,2021,67.31,9.16,13.6
PAK,Pakistan,2021,56.89,2021,65.99,9.1,13.8
RUS,Russian Federation,2021,60.94,2021,70.02,9.08,13.0
SDN,Sudan,2021,58.54,2021,67.59,9.05,13.4
CUB,Cuba,2021,64.62,2021,73.67,9.05,12.3
CHN,China,2021,68.58,2021,77.62,9.03,11.6
ETH,Ethiopia,2021,58.83,2021,67.84,9.01,13.3
ARM,Armenia,2021,64.01,2021,72.98,8.97,12.3
TON,Tonga,2021,63.78,2021,72.72,8.94,12.3
SRB,Serbia,2021,63.87,2021,72.81,8.93,12.3
ROU,Romania,2021,63.85,2021,72.76,8.92,12.3
HND,Honduras,2021,60.05,2021,68.96,8.92,12.9
BGR,Bulgaria,2021,62.39,2021,71.31,8.92,12.5
BHS,"Bahamas, The",2021,61.52,2021,70.43,8.92,12.7
SEN,Senegal,2021,58.9,2021,67.79,8.89,13.1
AZE,Azerbaijan,2021,64.04,2021,72.91,8.87,12.2
MYS,Malaysia,2021,63.95,2021,72.81,8.86,12.2
UZB,Uzbekistan,2021,63.36,2021,72.19,8.83,12.2
RWA,Rwanda,2021,58.71,2021,67.54,8.83,13.1
GAB,Gabon,2021,56.26,2021,65.09,8.83,13.6
MNG,Mongolia,2021,61.31,2021,70.1,8.78,12.5
UGA,Uganda,2021,57.22,2021,65.99,8.76,13.3
KGZ,Kyrgyz Republic,2021,63.42,2021,72.19,8.76,12.1
GEO,Georgia,2021,62.48,2021,71.24,8.76,12.3
EGY,"Egypt, Arab Rep.",2021,60.36,2021,69.11,8.75,12.7
TZA,Tanzania,2021,58.07,2021,66.81,8.74,13.1
STP,Sao Tome and Principe,2021,62.44,2021,71.18,8.74,12.3
ZAF,South Africa,2021,52.76,2021,61.5,8.74,14.2
TJK,Tajikistan,2021,63.09,2021,71.81,8.73,12.2
KAZ,Kazakhstan,2021,61.55,2021,70.28,8.72,12.4
MDV,Maldives,2021,66.67,2021,75.4,8.72,11.6
WSM,Samoa,2021,61.57,2021,70.27,8.7,12.4
AFG,Afghanistan,2021,50.45,2021,59.13,8.68,14.7
PER,Peru,2021,62.99,2021,71.67,8.68,12.1
KEN,Kenya,2021,58.22,2021,66.76,8.55,12.8
HTI,Haiti,2021,53.94,2021,62.46,8.52,13.6
MRT,Mauritania,2021,60.39,2021,68.87,8.48,12.3
COM,Comoros,2021,59.02,2021,67.5,8.48,12.6
TLS,Timor-Leste,2021,59.53,2021,68.0,8.47,12.4
VNM,Viet Nam,2021,65.35,2021,73.8,8.45,11.4
NGA,Nigeria,2021,54.95,2021,63.4,8.45,13.3
COD,"Congo, Dem. Rep.",2021,53.21,2021,61.63,8.42,13.7
JAM,Jamaica,2021,61.72,2021,70.14,8.42,12.0
AGO,Angola,2021,53.76,2021,62.13,8.37,13.5
GMB,"Gambia, The",2021,55.84,2021,64.21,8.37,13.0
MDA,Moldova,2021,61.21,2021,69.56,8.35,12.0
GNQ,Equatorial Guinea,2021,53.26,2021,61.61,8.35,13.6
COG,"Congo, Rep.",2021,54.84,2021,63.17,8.34,13.2
BEN,Benin,2021,55.72,2021,64.01,8.3,13.0
TKM,Turkmenistan,2021,60.82,2021,69.12,8.3,12.0
KHM,Cambodia,2021,60.63,2021,68.92,8.29,12.0
GHA,Ghana,2021,57.88,2021,66.1,8.22,12.4
BDI,Burundi,2021,55.84,2021,64.01,8.16,12.8
ERI,Eritrea,2021,55.42,2021,63.57,8.15,12.8
BWA,Botswana,2021,53.1,2021,61.23,8.13,13.3
CIV,Cote d'Ivoire,2021,55.41,2021,63.52,8.11,12.8
MMR,Myanmar,2021,59.75,2021,67.85,8.1,11.9
SSD,South Sudan,2021,50.53,2021,58.57,8.04,13.7
TGO,Togo,2021,55.85,2021,63.86,8.02,12.6
PNG,Papua New Guinea,2021,57.48,2021,65.49,8.01,12.2
ZMB,Zambia,2021,52.97,2021,60.97,8.0,13.1
BOL,Bolivia,2021,57.43,2021,65.41,7.99,12.2
MOZ,Mozambique,2021,49.72,2021,57.66,7.95,13.8
PRK,"Korea, Dem. People's Rep.",2021,64.73,2021,72.64,7.91,10.9
SLE,Sierra Leone,2021,53.13,2021,61.02,7.9,12.9
DJI,Djibouti,2021,56.99,2021,64.87,7.88,12.1
GIN,Guinea,2021,53.43,2021,61.26,7.84,12.8
MWI,Malawi,2021,54.67,2021,62.49,7.82,12.5
LAO,Lao PDR,2021,60.41,2021,68.23,7.82,11.5
FJI,Fiji,2021,57.69,2021,65.5,7.81,11.9
MDG,Madagascar,2021,55.14,2021,62.93,7.8,12.4
FSM,"Micronesia, Fed. Sts.",2021,57.93,2021,65.71,7.78,11.8
CMR,Cameroon,2021,54.01,2021,61.77,7.76,12.6
BFA,Burkina Faso,2021,54.56,2021,62.3,7.73,12.4
VUT,Vanuatu,2021,58.68,2021,66.35,7.67,11.6
PHL,Philippines,2021,58.77,2021,66.41,7.64,11.5
IDN,Indonesia,2021,60.67,2021,68.26,7.59,11.1
TCD,Chad,2021,51.52,2021,59.09,7.57,12.8
NAM,Namibia,2021,52.82,2021,60.36,7.54,12.5
SLB,Solomon Islands,2021,57.37,2021,64.79,7.43,11.5
NER,Niger,2021,52.61,2021,59.97,7.36,12.3
ZWE,Zimbabwe,2021,51.25,2021,58.48,7.23,12.4
KIR,Kiribati,2021,53.65,2021,60.87,7.22,11.9
GNB,Guinea-Bissau,2021,51.45,2021,58.63,7.18,12.2
SWZ,Eswatini,2021,47.47,2021,54.59,7.13,13.1
CAF,Central African Republic,2021,45.43,2021,52.31,6.87,13.1
LSO,Lesotho,2021,44.63,2021,51.48,6.84,13.3
SOM,"Somalia, Fed. Rep.",2021,47.42,2021,53.95,6.53,12.1
